Country Name,Country Code,EducExpense,AdolescentBirths,"Birth Rate (per 1,000)",Business Start  (% of GNI per capita),"Death rate, crude (per 1,000)",Diabetes (% of population ages 20 to 79),Business Ease (1=most friendly),"Employment to population ratio, 15+, female (%)","Employment to population ratio, 15+, male (%)","Fertility rate, total (births per woman)",Fixed broadband subscriptions (per 100),Fixed telephone subscriptions (per 100),Percent Forest,GDP Growth,GDP per capita,"Immunization, DPT (%)","Immunization, measles (%)",Import Value (100),Import Volume (100),Percent Sanitation,Percent Imp Water,"TB (per 100,000)",Percent Internet,Inflation,Percent Migrant,Number of Tourists,% Female Labor Participation,% Male Labor Participation,% Labor Force Female,Life Exp Female,Life Exp Male,Cell (per 100),Traffic Mortality (per 100000),Infant Mortality (per 1000),Under 5 yrs Mortality,Air Pollution (micrograms per m^3),Population ages 0-14 (% of total),Population ages 65+ (% of total),Population density (people per sq. km of land area) [EN.POP.DNST],Annual Pop Growth (%),Percent Rural,Rural population growth (annual %),Secure Servers (per million),"Suicides (per 100,000)","Survival to age 65, female (%)","Survival to age 65, male (%)",Alcohol (liters/pp),Total Tax Rate (% of profits),"Unemployment, female (%)","Unemployment, male (%)",Urban population (% of total),Urban population growth (annual %)
Afghanistan,AFG,1.6,71.2034,33.314,19,8.034,8.8,182,16.72200012,77.18099976,4.653,0.326255793,0.343677097,2.067824648,0.840718528,594.3230812,78,68,656.7642928,424.8196109,31.9,55.3,189,8.26,3.817148924,1.175546927,,19.0510006,83.64600372,17.4909385,61.97,59.524,61.57768158,15.2,66.3,91.1,48.01676483,44.04194947,2.469089724,49.82164936,2.802986283,73.297,2.230252873,1.414228777,5.5,61.61129,55.73102,1,36.5,12.22700024,7.729000092,26.703,4.392151969
Albania,ALB,3.227126018,21.8354,13.632,10.3,7.463,10.3,90,33.35599899,50.38700104,1.793,7.596854658,7.091628008,28.15693431,2.800000001,3945.217582,98,98,395.8823475,263.432071,93.2,95.1,19,63.2529327,0.159535419,1.98903641,4131000,40.32699966,60.6609993,40.82275995,80.557,75.593,106.3802068,13.6,12.5,14,17.93662454,18.54620412,12.39633387,105.4440511,-0.155183807,42.593,-2.47127694,37.72713727,4.3,90.83192,84.79198,6.6,36.5,17.2859993,16.93799973,57.407,1.598580321
Algeria,DZA,4.4671956,10.4716,23.692,10.9,5.114,7.5,163,13.67199993,63.98500061,2.805,5.584923796,8.041627955,0.821247986,3.763466957,4154.119692,95,95,561.5636245,491.6545084,87.6,83.6,75,38.2,-7.263727272,0.611072023,1710000,16.81900024,70.44300079,19.20094891,77.456,72.744,106.3843412,23.7,21.9,25.5,35.56453306,28.53871044,5.938038072,16.6544217,1.86309983,29.273,-0.159153932,2.546227966,3.1,85.55812,77.47755,0.6,72.7,18.71500015,9.166999817,70.727,2.712199755
Angola,AGO,3.57,161.9322,44.998,22.5,13.424,4.1,181,55.5890007,72.30500031,5.996,0.672968878,1.24857986,46.40731531,3.006980545,4101.472152,64,55,712.6228025,578.6190982,51.6,49,370,12.4,-4.017647716,0.42700468,592000,59.88100052,77.14199829,44.59706208,54.216,51.19,60.84389581,24.4,96,156.9,36.39542768,47.65044117,2.313470552,20.07056549,3.226505657,55.95,1.849081878,5.475187529,20.5,50.24344,44.45537,7.6,49,7.168000221,6.269999981,44.05,5.003843209
Argentina,ARG,5.134051915,63.7888,17.359,9.7,7.55,6,118,44.64199829,70.11599731,2.308,16.26343491,23.89549413,9.906858285,2.647271419,13467.41564,94,89,237.6834698,188.2003093,96.4,99.1,25,69.40092102,24.54535652,4.805292335,5736000,48.38600159,74.46800232,41.0370548,80.21,72.643,146.7017843,14.1,11.1,12.5,13.44396548,25.19419749,10.92655359,15.86469604,1.010993037,8.249,-0.755352893,63.29353725,14.2,87.53282,76.29901,7.6,137.6,7.738999844,5.843999863,91.751,1.171338102
Armenia,ARM,2.1,22.4606,13.008,1,9.316,6.4,43,44.46900177,62.34500122,1.517,9.577593598,18.44362222,11.66139796,3,3489.12769,94,97,368.9760744,248.4447392,89.5,100,41,58.24933222,1.178326866,6.335892888,1192000,54.89099884,73.5759964,47.53490131,78.719,71.062,115.8898894,15.7,12.6,14.1,25.50768535,18.38389482,10.82598339,105.9962065,0.383740747,37.327,0.756748326,49.04377886,5.4,87.3273,73.15527,5.5,20,18.98600006,15.26500034,62.673,0.162243032
Australia,AUS,5.05,13.844,12.7,0.7,6.6,5.1,13,55.01399994,66.62999725,1.833,28.54145037,37.95494572,16.23875662,2.240028575,56290.64681,93,91,291.3781461,226.005864,100,100,6,84.56051935,-0.65182248,28.21840969,7444000,58.57099915,70.92099762,45.58124144,84.5,80.5,132.8005094,5.4,3,3.8,5.897734951,18.6980894,15.04487489,3.096696562,1.392847466,10.577,0.133900265,1460.418755,11.8,93.0261,88.76538,12.6,47.6,6.072000027,6.050000191,89.423,1.542810082
Austria,AUT,5.298103441,6.786,9.8,0.3,9.6,6.9,18,51.82500076,62.00699997,1.47,28.69325283,42.18276252,46.88389903,0.963058399,43636.7537,98,96,214.9616056,128.2341418,100,100,7.6,83.9263,1.887389371,17.46572625,26719000,54.72800064,66.02500153,46.53855174,84.2,79.6,157.4082637,5.7,2.9,3.5,17.01299421,14.20763979,18.75913005,104.6782836,1.126802753,34.032,0.982939834,1495.768991,16.4,92.64637,86.48274,8.5,51.7,5.304999828,6.085999966,65.968,1.201100706
Azerbaijan,AZE,2.494591217,60.9936,17.2,1.2,5.7,6.5,61,58.20399857,65.54699707,1.97,19.76010603,18.68413059,13.78367589,1.1,5497.488414,96,98,833.9274744,529.7720987,89.3,87,69,77,-8.845816649,2.709061584,1922000,61.85699844,68.32099915,48.79956764,74.092,67.76,111.2826317,10,27.9,31.7,30.3540129,21.91854638,5.626089813,116.7310768,1.191209858,45.38,0.608947453,16.37417519,3.3,82.43695,69.51233,2.1,39.8,5.90500021,4.059999943,54.62,1.677563543
"Bahamas, The",BHS,3.8356,28.699,15.044,10.8,6.234,13.2,120,58.18099976,66.5059967,1.861,20.90522747,31.20250601,51.44855145,-1.663644107,22817.23086,95,94,152.4553565,86.01268733,92,98.4,18,78,4.474073113,15.28430309,1484000,69.43099976,79.13700104,48.36356762,78.491,72.45,80.29307262,11,9.9,12.1,13.71948341,20.92114046,8.280522346,38.76313686,1.287833609,17.126,0.862979822,337.6123334,1.8,83.38201,73.25775,4.2,33.8,16.20299911,15.96100044,82.874,1.375855376
Bahrain,BHR,2.91,13.4214,14.205,0.8,2.367,19.6,66,37.56499863,84.95700073,2.035,18.60970519,20.60084164,0.778210117,2.862955875,22600.2141,98,99,213.673369,124.55383,99.2,100,18,93.47830114,-9.369251585,51.12678501,11621000,39.19499969,85.38700104,19.85776082,77.781,75.903,185.2619572,7.1,5.3,6.2,55.45435188,21.47495311,2.410841417,1786.299611,1.117650683,11.225,0.620309937,187.3315922,6.5,88.52943,85.90209,2.4,13.5,4.15899992,0.504000008,88.775,1.18071265
Bangladesh,BGD,1.59,82.55,19.455,13.9,5.35,8.3,178,40.9659996,78.02500153,2.144,3.05024743,0.538779547,10.97795191,6.552633316,1211.701531,94,88,444.2237983,255.0349518,60.6,86.9,225,14.4,5.872776577,0.883753735,,43.13199997,80.98100281,34.52760474,73.316,70.749,81.89932116,12.8,30.7,37.6,89.3929096,29.44697472,4.973556365,1236.810648,1.198570972,65.723,0.047333238,1.31680583,5.5,78.5473,72.70213,0.2,34.4,5.019999981,3.651000023,34.277,3.443734933
Barbados,BRB,6.776948547,39.4398,12.011,7.1,10.65,13.6,115,55.76699829,62.13399887,1.796,27.22570457,54.5623726,14.65116279,0.882405907,15429.34046,97,96,139.9466286,85.68859237,96.2,99.7,0,76.11,-0.134204185,12.12990166,592000,62.35100174,70.71199799,49.71565104,78.118,73.316,116.4566825,5.5,12,13,15.38938638,19.36597294,14.1639252,660.9651163,0.294224087,68.525,0.409549862,457.4002076,0.4,87.62725,79.406,6.5,34.7,10.56099987,12.13099957,31.475,0.043605871
Belarus,BLR,4.69,17.551,12.5,0.9,12.6,5.3,50,54.23500061,67.86399841,1.724,31.35639018,49.0371467,42.54842048,-3.887698502,5754.601939,99,99,350.5782887,197.2065525,94.3,99.7,55,62.23036091,16.2944221,11.40401056,102000,54.50699997,68.22100067,48.86650317,78.9,68.6,123.6360037,12.6,3.4,4.6,20.48379252,16.06820723,13.98092172,46.76761126,0.159300802,23.333,-1.498330304,63.0162485,22.8,83.93093,56.68404,17.1,54,0.497999996,0.522000015,76.667,0.669290501
Belgium,BEL,6.12,8.0566,10.9,5,9.8,5.1,38,44.45000076,53.88199997,1.74,36.84966063,40.13722647,22.56935271,1.500230801,40454.16997,99,96,211.9281823,134.4636979,99.5,100,9.4,85.0529,0.868447301,12.28353319,8355000,48.20800018,59.25600052,46.05171671,83.9,78.8,115.6907852,7.1,3.3,4.1,15.63662972,16.94444169,18.22481643,371.51321,0.16197946,2.142,-1.688008675,980.050527,20.5,91.26882,85.43903,10.8,58.4,7.796000004,9.06799984,97.858,0.202858907
Belize,BLZ,6.39,65.135,22.758,34.2,5.568,16.5,110,47.86700058,78.16100311,2.546,4.99974108,6.790315249,59.89916703,1.043801055,4878.721267,94,96,183.3474478,111.6285766,90.5,99.5,25,41.59,0.983316653,14.99080123,341000,56.27899933,83.63999939,40.72382167,73.075,67.447,60.974459,21.3,14.2,16.5,27.04048536,32.4542775,3.762451745,15.75129329,2.132591267,56.027,2.402727843,411.9269553,7.3,79.30562,66.73939,8.3,31.1,14.94699955,6.550000191,43.973,1.7894569
Benin,BEN,4.55,81.775,35.592,45.4,9.244,0.8,153,69.29699707,72.61399841,4.688,0.673383807,1.789237845,38.23164243,2.094457981,762.0512054,79,75,582.3033001,338.5802203,19.7,77.9,60,6.787702956,0.075030032,2.255540965,255000,69.97599792,73.39800262,49.3970136,61.203,58.309,85.64432269,27.7,64.2,99.5,35.16237337,42.15840157,2.891166764,96.48659986,2.619974108,56.05,1.845096901,3.860354791,9.3,62.37743,55.80877,2.2,57.4,0.970000029,1.069000006,43.95,3.616977132
Bhutan,BTN,3.37,20.179,17.404,4,6.218,9.3,71,56.78699875,71.38899994,1.984,3.589877663,2.809027111,72.27562505,6.491370587,2655.998892,99,97,569.06621,358.5851529,50.4,100,155,39.8,3.703902839,6.595769395,155000,58.71300125,72.76999664,39.92847806,70.112,69.567,87.0290974,15,27.2,32.9,55.72363212,26.86524786,5.062787966,20.32767532,1.275735916,61.356,0.067333694,16.77787386,11.7,68.884,69.3786,1.1,35.3,3.280999899,1.898000002,38.644,3.224859835
Bolivia,BOL,6.08,70.431,23.591,55.6,7.359,7.5,147,61.12200165,80.1740036,2.923,1.641350074,7.993407787,50.55294009,4.848723761,3076.791811,99,99,524.7968519,211.2969837,50.3,90,117,45.1,-4.620311721,1.333267442,882000,63.87599945,82.54199982,43.9424939,71.276,66.324,92.1838516,23.3,30.6,38.4,27.97140377,32.44523742,6.465436578,9.900032309,1.529800311,31.488,0.251782878,15.75800919,18.7,73.17406,65.67833,5.8,83.7,4.311999798,2.868999958,68.512,2.122698536
Bosnia and Herzegovina,BIH,,8.1686,8.818,14.1,10.69,9.9,79,27.03499985,41.10599899,1.253,16.62407152,20.22900324,42.67578125,3.034826724,4249.330313,82,83,282.7566077,180.7234788,94.8,99.9,37,65.0655028,1.444993534,0.91336484,678000,34.42900085,58.02299881,37.71175706,79.168,74.132,90.15196021,16.6,5.1,5.4,47.40090583,13.49808,15.44395678,74.4221875,-0.187153386,60.233,-0.437535478,42.77748151,6,88.54325,79.41146,7.5,23.3,21.47699928,29.15600014,39.767,0.193285281
Botswana,BWA,9.48,30.9728,24.57,0.7,7.536,5.6,70,58.04800034,69.10700226,2.799,1.791749539,7.804529341,19.12727401,-0.254941436,6360.13822,95,97,340.6838059,223.8591465,63.4,96.2,356,27.5,2.54163008,7.100334367,1528000,73.4469986,81.31800079,47.72643828,66.864,62.224,169.0030004,21,34.8,43.6,17.5393912,31.9980906,3.598079103,3.992174404,1.898494963,42.556,1.296349779,17.23768334,9.7,64.99759,54.48078,7.7,25.1,20.9659996,15.01599979,57.444,2.346929289
Brazil,BRA,5.54,66.7434,14.513,4.8,6.163,10.4,121,50.40499878,73.00099945,1.778,12.24815561,21.44640055,59.04878358,-3.769252669,8677.768107,96,99,304.8919568,195.9385282,82.8,98.1,41,59.07947791,7.902052379,0.3433132,6306000,56.31200027,78.51999664,43.10604284,78.503,71.031,126.5922645,22.6,14.6,16.4,11.36829449,23.02764602,7.844674968,24.86767726,0.855052949,14.313,-0.903992772,77.05648537,6.3,84.81516,72.25414,9.1,68.1,10.48999977,7.028999805,85.687,1.151920456
Bulgaria,BGR,3.57,36.8366,9.2,1.4,15.3,5.9,37,44.51300049,54.27199936,1.53,22.69959921,23.26673032,35.21554901,3.617442633,6993.47736,91,92,447.7293966,277.3332582,86,99.4,24,56.6563,2.205839919,1.428196392,7099000,48.61100006,60.14500046,46.56520659,78,71.1,129.271715,7.6,9.3,10.4,28.12871472,14.14401576,20.02747774,66.120035,-0.638069468,26.052,-1.866473132,181.5271153,15.9,86.55838,71.00581,11.3,27,8.430999756,9.763999939,73.948,-0.201681158
Burkina Faso,BFA,4.31,107.1514,39.53,43.5,9.343,2.2,142,74.96800232,87.14399719,5.437,0.040246447,0.41907101,19.55409357,4.021049409,589.7744141,91,88,487.6898321,323.4812457,19.7,82.3,52,11.38764617,0.266895061,3.892039853,163000,76.64199829,90.66200256,46.92018296,60.284,57.643,80.64303328,30.7,60.9,88.6,40.03947692,45.57206429,2.393307695,66.17532895,2.893466212,70.141,1.710039753,0.662779465,9.2,60.00463,54.72387,7.4,41.3,2.184000015,3.880000114,29.859,5.729782927
Burundi,BDI,5.175521639,27.8548,43.497,13.4,11.066,2.7,155,83.01599884,81.59300232,5.863,0.033655121,0.201375818,10.74766355,-3.904919353,277.0683092,94,93,489.3576456,323.0744382,48,75.9,122,4.866224464,5.886775968,2.565632229,131000,84.63899994,82.66200256,51.65265758,59.184,55.129,46.2209572,32.7,54.1,81.7,45.53410622,44.80131848,2.471276074,435.3162383,3.292392347,87.943,2.95637183,0.53672443,8,57.8269,50.33298,9.8,40.3,1.917000055,1.292999983,12.057,5.778064702
Cabo Verde,CPV,5.01,73.1564,21.108,14.8,5.344,2.3,125,46.47000122,76.5530014,2.268,3.259396241,11.49995574,22.30769231,1.454660521,3080.178814,93,92,263.7167435,162.6555961,72.2,91.7,139,43.01962636,0.472907854,2.867232018,520000,53.18399811,84.15299988,39.8809143,75.24,71.561,118.5837522,21.3,20.7,24.5,39.55602953,29.65060653,4.580770103,129.1568238,1.275336115,34.474,-0.6947577,51.87299953,8.5,83.70815,76.89593,7.2,36.5,12.625,9.031999588,65.526,2.327621356
Cambodia,KHM,1.63,52.1718,23.776,60.7,6.038,3,128,75.42700195,86.53099823,2.595,0.532650926,1.635427921,53.57466576,7.036087179,1158.689904,89,81,713.4446184,461.4555754,42.4,75.5,380,19,1.263296415,0.474794451,4775000,75.53299713,86.71700287,48.75937222,70.75,66.662,133.0003478,19,24.6,28.7,29.03890178,31.60227833,4.117942991,88.25005099,1.616308513,79.277,1.353024399,5.135480722,11.9,76.34329,67.1792,6.1,21,0.140000001,0.215000004,20.723,2.629963923
Cameroon,CMR,2.68,102.36,36.233,33,11.197,6.5,167,67.31500244,78.13600159,4.63,0.068396152,4.509777209,39.80453132,5.773247581,1217.26067,84,79,434.1428835,258.6843291,45.8,75.6,212,20.68014766,0.270521514,1.636313704,,70.97599792,81.10900116,46.9228294,57.136,54.79,71.84542948,28.1,57.1,87.9,66.42837013,42.52268628,3.205582856,49.38372152,2.477142121,45.619,1.252721936,2.484559427,11.9,51.92715,47.88208,7.7,48.8,5.157000065,3.665999889,54.381,3.515971912
Canada,CAN,4.93,9.4578,10.9,0.4,7.5,7.4,20,57.14099884,65.04599762,1.6,36.32432105,43.52303485,38.16667052,0.941675857,43315.70044,91,90,178.2725572,146.1010512,99.8,99.8,5.1,88.47,-0.779228693,21.80166365,17971000,60.97399902,70.27899933,47.1714338,84.127,80.243,82.97723837,5.8,4.3,4.9,7.178847511,15.97205804,16.13577846,3.942219231,0.851756047,18.172,-0.123005321,1308.893148,12.3,92.01212,88.1303,10.3,21.1,6.288000107,7.447000027,81.828,1.06952213
Central African Republic,CAF,1.15,90.6588,33.435,204,14.088,6.3,186,66.58999634,79.125,4.206,,0.039162355,35.58701724,4.799886081,323.201674,47,49,111.419415,68.12725334,21.8,68.5,391,4.563264352,6.162298068,1.665172192,120500,71.6969986,84.57900238,46.91171541,53.409,49.524,25.86868182,31.8,91.5,130.1,46.46839936,39.05261216,3.855457878,7.865860862,1.977644135,59.963,1.515086198,,17.4,47.64469,41.07032,3.8,73.3,7.123000145,6.447999954,40.037,2.674438874
Chad,TCD,1.62,129.752,44.792,150.4,13.799,5.7,183,59.50699997,75.48100281,6.05,0.08332583,0.125161468,3.871505718,1.799999521,775.6950905,55,62,900.4894134,573.7045508,12.1,50.8,152,2.700000001,-8.092784746,3.682771371,119800,64.00800323,79.2559967,44.95564296,52.994,50.806,40.17306812,24.3,85,138.7,46.05858564,47.72033739,2.450740418,11.14792884,3.261297138,77.529,3.09376607,0.213713694,8.7,47.90634,43.22248,4.4,63.5,7.032999992,4.763999939,22.471,3.841473819
Chile,CHL,4.57,47.5032,13.048,0.7,5.137,10,55,47.15599823,70.36199951,1.749,15.17200175,19.22488329,23.8523695,2.305566995,13416.23004,96,96,340.6172084,300.9262131,99.1,99,16,64.289,4.332194503,2.615513217,4478000,50.65800095,74.6289978,41.45398539,84.725,78.99,129.4703901,11.6,7,8.1,20.94195715,20.14693332,11.0030114,24.13902966,1.038877486,10.47,-0.60936688,145.1403797,9.9,92.01309,84.97752,9.3,28.9,6.913000107,5.717000008,89.53,1.233416183
China,CHN,1.79,7.2612,12.1,0.7,7.1,9.8,80,61.22399902,73.82299805,1.569,19.76659867,16.48103646,22.18966958,6.918336423,8069.211938,99,99,747.4540493,522.4061322,76.5,95.5,67,50.3,0.076353251,0.071076396,56886000,63.58000183,77.93299866,43.87559617,77.547,74.5,92.18011871,19.4,9.2,10.7,58.37659937,17.23160046,9.551206566,146.0576461,0.508136747,44.386,-2.168292268,10.11726783,10,87.156,82.83658,7.6,67.8,3.704999924,5.272999763,55.614,2.696837536
Colombia,COL,3.47,48.6822,15.483,7.5,5.93,10,51,51.06100082,74.43000031,1.875,11.15606573,14.35365976,52.72802163,3.083285967,6056.147717,91,94,468.4974217,426.9873803,81.1,91.4,31,55.90497251,2.559597195,0.276047227,2978000,57.92100143,79.80799866,43.37619071,77.835,70.703,115.7447743,18.9,13.6,15.9,17.99813938,24.28677329,7.039005236,43.46886345,0.910880196,23.564,-0.249393717,57.28953446,6.1,84.57817,72.87844,6.6,69.7,11.84300041,6.738999844,76.436,1.271306068
Comoros,COM,3.561395493,67.1044,33.433,89.7,7.38,9.9,152,27.03700066,64.85099792,4.418,0.259720696,1.895831223,19.88178399,1.015118416,717.44885,80,81,537.1226852,350.8315092,35.8,90.1,35,7.459161386,3.426132823,1.592316297,23600,35.31900024,79.37599945,30.67980055,65.275,61.915,55.16285786,28.6,55.1,73.5,17.07934151,40.27374397,2.793497313,423.6829661,2.372060539,71.704,2.228526402,,7.4,66.8552,59.53904,0.2,216.5,23.4489994,18.29899979,28.296,2.73671016
"Congo, Dem. Rep.",COD,2.06,122.2766,41.527,29.3,10.096,6.4,184,67.3789978,69.67199707,5.908,0.001403581,0,67.3024415,6.91618781,456.0527405,81,79,752.5673229,491.6701976,28.7,52.4,324,3.799999507,0.643455026,0.706246281,,70.48799896,71.76599884,50.1328947,60.519,57.6,52.98907151,33.5,74.5,98.3,46.32237903,45.9929356,2.963936108,34.08253634,3.141738113,57.506,2.244994933,0.349438505,9.8,60.24482,54.43078,3.4,54.6,4.410999775,2.917999983,42.494,4.368224962
"Congo, Rep.",COG,2.52,116.122,36.028,52.3,8.308,6.9,176,58.60599899,66.2539978,4.811,,0.363936699,65.39970717,2.646447935,1851.199916,80,80,1661.153647,1118.69361,15,76.5,379,7.615974662,-29.69103945,8.505799369,263000,67.06199646,72.61699677,48.24085335,64.436,61.374,111.6643425,26.7,33.2,45,53.0089847,42.63072118,3.660842407,13.52951684,2.528667516,34.62,1.314208691,1.731478055,9.6,64.68268,58.99373,3.9,56,12.6079998,8.762999535,65.38,3.177770222
Costa Rica,CRI,7.071508844,56.0262,14.524,11.1,4.889,8.5,60,41.04299927,70.45200348,1.8,11.16941845,17.18458503,53.97571485,3.74914483,11260.09216,92,93,242.6661032,252.648969,94.5,97.8,11,59.76295014,3.312587232,8.771009911,2660000,46.77600098,76.55999756,38.19769226,82.066,77.225,150.6620506,14.9,8.5,9.7,20.11774831,22.30866188,8.901047246,94.16079123,1.050539819,23.179,-2.783638956,103.5806026,7.7,89.78362,82.94999,5.1,58.2,12.25800037,7.978000164,76.821,2.236891154
Cote d'Ivoire,CIV,4.56,135.626,36.895,18.6,13.323,2.3,139,46.57099915,74.16300201,4.937,0.515170401,1.301922059,32.70754717,9.163380703,1398.989958,83,72,399.4573184,245.5893455,22.5,81.9,159,21,1.821506936,9.582598655,1441000,52.35200119,80.8690033,38.10170708,52.791,51.09,119.3109704,24,66.6,92.6,23.53443788,42.47431762,3.026915864,71.38854088,2.427516558,45.82,0.909199848,4.096635491,18.1,45.0243,41.23283,6.5,51.9,11.04199982,8.293000221,54.18,3.729796675
Croatia,HRV,4.19,9.17,8.9,3.4,12.9,5.6,39,38.52700043,49.52999878,1.46,23.17575376,34.69744375,34.3459614,1.644613259,11592.9102,94,93,259.4326134,168.6601904,97,99.6,13,69.8031,0.115849604,13.60471399,12683000,46.4129982,58.72600174,46.44552601,80.4,74.3,103.7666724,9.2,3.6,4.3,21.78040386,14.89065558,18.93707475,75.11801287,-0.824099164,41.036,-1.571879116,265.7243641,17.5,90.6967,79.17332,11.7,20,16.98999977,15.65799999,58.964,-0.30036186
Cuba,CUB,13.01,45.1096,10.089,,7.929,10,,41.1269989,66.84300232,1.606,0.072514511,11.51997509,30.76331475,4.438333589,7650.232731,99,99,311.5640886,205.340838,93.2,94.9,7,37.30509742,3.439048763,0.117089665,3491000,42.55400085,68.64900208,38.27645544,81.629,77.563,29.65072755,7.6,4,5.5,17.98569778,16.3053329,13.97284637,109.4939627,0.09180158,22.926,-0.360795379,0.526798133,14,88.4348,83.26122,5.5,,3.354000092,2.630000114,77.074,0.226824769
Cyprus,CYP,5.94,4.8922,11.206,12.5,6.897,9.6,41,49.02500153,59.58100128,1.438,22.37839091,27.79328494,18.69047619,1.679273729,23075.1127,97,90,144.7230246,96.27198646,100,100,6.2,71.7159,-1.260774999,16.83403415,2659000,57.47100067,70.15799713,44.157996,82.55,78.171,95.40034086,6.5,2.5,2.7,18.28597332,16.55101691,12.84544752,126.1147186,1.004080092,33.079,1.300872961,677.0788638,4.7,93.59236,88.16976,9.1,24.5,14.6960001,15.07600021,66.921,0.857700042
Czech Republic,CZE,4.09,9.6826,10.5,6.7,10.5,7.4,26,47.9980011,65.31900024,1.53,27.34164976,17.56354702,34.54215775,4.535628699,17556.9243,99,99,439.3506594,260.4657166,99.1,100,5.2,81.2986,1.001642854,3.84222568,8707000,51.09500122,68.21600342,44.06272268,82.7,76.4,123.1557215,6.5,2.8,3.4,21.40898739,15.04189531,18.07598766,136.589289,0.196588748,27.008,0.296618224,867.243394,13.7,90.88026,81.32761,14.1,50.4,6.061999798,4.247000217,72.992,0.159601867
Denmark,DNK,8.07,3.9608,10.2,0.2,9.2,7.2,2,54.30699921,62.23400116,1.69,42.5082965,29.92112119,14.48582651,1.606086132,53014.64416,93,91,188.1901798,124.3966554,99.6,100,6,96.3305,0.903906344,10.09899135,10424000,58.04000092,66.15899658,47.41525344,83.2,79.1,128.3419376,3.4,2.9,3.5,11.02259277,16.8810077,18.95943981,134.4821116,0.70642385,12.324,-0.695714858,1973.261819,12.2,90.7873,85.9981,10.2,24.5,6.431000233,5.931000233,87.676,0.90509794
Djibouti,DJI,7.435541197,21.1816,24.721,170.7,8.551,8.4,168,33.73799896,63.99599838,3.131,2.686020688,2.545634008,0.241587575,6.500508308,1945.124293,84,74,358.0159604,191.7168184,47.4,90,378,11.92243143,2.114685457,12.65412041,,36.50099945,68.13800049,34.87962006,63.959,60.692,34.94105538,24.9,54.2,65.3,51.50224365,32.73541692,4.186578755,38.30289042,1.325049786,22.657,0.968570487,9.010419424,8.6,64.29404,58.08458,0.9,37.6,7.570000172,6.078000069,77.343,1.42971882
Dominican Republic,DOM,2.519252247,97.3396,20.506,16.4,6.087,8.8,103,40.6269989,71.58100128,2.451,6.441028019,12.25076475,41.04740219,7.040936189,6468.473492,85,90,177.9027324,148.7992675,84,84.7,60,54.21576634,0.884129757,3.947079853,5600000,52.25899887,78.69599915,40.52025521,76.882,70.624,82.5867021,27.8,25.7,30.9,20.41796867,29.95884176,6.652659461,217.9339888,1.169842771,21.02,-3.109305847,30.6789518,6.8,80.97662,70.58526,7.6,43.5,22.25799942,9.041000366,78.98,2.340250611
Ecuador,ECU,3.93,75.5964,20.487,22,5.119,9.2,114,45.93600082,76.59700012,2.513,9.740478849,15.48567023,50.52295056,0.157743724,6205.064145,78,84,578.2659791,380.5258893,84.7,86.9,52,48.94043379,-2.222285195,2.400299101,1543000,48.95399857,79.70300293,38.47865034,78.899,73.44,79.77343461,20.7,18.4,21.6,12.84155358,29.01927441,6.704191426,65.00387744,1.506845985,36.258,0.885465301,41.87220022,7.5,85.418,76.78907,6.1,32.8,6.165999889,3.897000074,63.742,1.862032896
"Egypt, Arab Rep.",EGY,4.4111256,51.3308,27.298,7.6,6.066,16.7,126,17.19400024,68.95200348,3.314,4.517300321,7.3609384,0.073333668,4.2,3614.746766,93,92,415.1936965,258.341468,94.7,99.4,15,37.81938343,10.94066341,0.537267287,9139000,22.76300049,76.07900238,22.99810052,73.566,69.175,110.9915544,13.3,20.3,24,104.6666533,33.16028013,5.220261196,91.92634889,2.129892119,56.865,2.013894981,5.442142139,2.6,80.36283,70.20364,0.3,45,24.4659996,9.368000031,43.135,2.283017397
El Salvador,SLV,3.15,64.9156,17.175,42.7,6.833,9.2,86,46.96900177,73.2009964,1.909,5.493322287,14.69445543,12.78957529,2.455062222,4219.35033,91,95,210.5437639,136.1943533,75,93.8,43,26.91507533,0.704747803,0.686271613,1402000,49.11299896,79.15899658,42.73667724,77.659,68.565,145.255666,19,14.4,16.8,37.0047886,27.02860632,8.171798211,295.6845077,0.308591942,33.274,-1.096995002,25.78925316,11.1,83.73506,66.33604,3.5,38.8,4.363999844,7.52699995,66.726,1.016962709
Equatorial Guinea,GNQ,1,107.5306,34.626,99.4,10.594,7.7,175,66.17700195,85.78700256,4.745,0.47524807,1.417863022,55.90017825,-8.284968855,14439.59445,16,27,1320.323501,965.2580197,74.5,47.9,172,21.31999999,-25.84198846,1.280974132,,71.31600189,92.02200317,41.89123084,59.353,56.64,66.71937471,20.8,68.2,94.1,47.11721082,39.26088088,2.885948927,30.12691622,2.902460419,60.077,2.624921093,3.550043784,22.6,57.20495,51.8779,8.1,47.1,7.205999851,6.776000023,39.923,3.321565393
Eritrea,ERI,1.72,53.0018,33.393,38.1,6.408,3.6,189,71.70600128,84.16899872,4.207,,0.979572354,14.95049505,,,95,85,186.7447191,102.7539927,15.7,57.8,65,1.083733116,,,,77.68900299,90.24099731,,66.31,61.997,7.04995255,24.9,34.1,46.5,43.49048059,,,,,,,,6.7,65.41392,55.40141,1.4,83.7,7.701000214,6.728000164,,
Estonia,EST,4.35,12.4362,10.6,1.3,11.6,4.4,11,52.0379982,65.20999908,1.54,30.00475697,30.27642754,52.65392781,1.444213103,17084.51742,93,93,287.2137965,174.2073858,97.2,99.6,18,88.4066,1.038130634,15.41630922,2989000,55.45000076,69.53399658,48.42715086,82.1,72.4,148.6880842,6.3,2.3,2.9,9.404689495,16.0878224,18.75970433,31.01221986,0.004792418,32.462,0.263969716,1143.306598,18.9,89.45031,72.54736,,49.4,6.152999878,6.217999935,67.538,-0.119541973
Ethiopia,ETH,2.88,56.6122,31.906,79.1,7.198,3.4,159,70.90399933,86.44100189,4.275,0.48311082,0.900164826,12.499,9.607518001,619.1694065,86,78,2048.146152,1332.749945,28,57.3,192,11.6,6.359643948,1.079526012,864000,76.9940033,89.06400299,46.92427194,66.592,62.66,42.76402881,27.3,41.4,59.2,35.73814656,41.44022759,3.483890604,99.39075,2.47736063,80.528,1.927514449,0.241471163,8.4,68.7898,61.56476,4.3,37.8,7.909999847,2.944999933,19.472,4.78395465
Fiji,FJI,3.941706017,45.1952,19.688,21.3,6.982,13.8,84,32.77000046,66.62000275,2.54,1.426415914,8.128464805,55.67597154,5.563460807,4960.519954,99,94,312.0047234,179.7844722,91.1,95.7,51,46.32872895,3.431708045,1.541341374,755000,37.02700043,71.29199982,33.68770206,73.353,67.307,108.2021715,5.8,19.1,22.4,7.870697243,28.74465474,5.831002808,48.83114395,0.640395308,46.272,-0.164587974,51.56112515,8.5,78.11038,64.75129,3.2,31.1,11.49800014,6.553999901,53.728,1.33889927
Finland,FIN,6.741224202,6.3768,10.1,1,9.6,6,12,50.19300079,55.96900177,1.71,31.67966037,9.83776118,73.11198131,0.268556389,42403.46748,98,97,174.8927839,113.8004718,97.6,100,5.6,92.6513,1.691626105,5.739683257,2622000,55.02700043,62.13600159,48.11809453,84.1,78.8,135.4468526,4.4,1.9,2.3,7.379235597,16.33833062,20.4771837,18.03129751,0.329383886,15.779,-0.522564866,1782.451819,16.2,92.20027,84.54797,11.9,37.9,8.784999847,9.923999786,84.221,0.489808885
France,FRA,5.01,8.8148,12,0.8,9,5.3,28,45.67900085,53.50999832,2.01,41.34472681,59.90653479,31.02690679,1.274180325,36352.48007,98,91,169.3749789,97.00605913,98.7,100,8.2,84.6945,0.638279895,12.08847938,84452000,50.68299866,59.99200058,47.67754281,86,79.5,102.6131585,5.1,3.5,4.3,12.36533737,18.48353324,19.12051096,121.5186565,0.405729567,20.48,-0.715891447,812.5985493,16.9,92.33115,84.91892,11.6,62.8,9.873000145,10.80300045,79.52,0.696646574
French Polynesia,PYF,0.499851816,35.5862,15.997,,5.649,19.4,,37.18399811,51.49900055,2.027,18.35735808,21.21910851,42.34972678,,,,,157.2574665,112.160696,98.5,100,19,64.56020975,,10.63006606,184000,46.68500137,63.22399902,41.47941232,79.066,74.549,94.8968044,,,,,22.14107878,7.550112461,77.2579235,1.06054732,44.12,1.277818021,180.3624224,,87.29933,79.80574,,,20.35099983,18.54500008,55.88,0.889335495
Gabon,GAB,3.06,97.692,29.718,15.1,8.391,7.8,161,30.6760006,48.0909996,3.849,0.632823568,1.071151822,89.26145845,4.012827565,8266.445605,80,68,393.0040983,274.1594169,41.9,93.2,465,23.5,-9.773645204,15.55585953,,39.89199829,57.5320015,40.35212611,65.674,64.144,161.1213232,22.7,36.1,50.8,39.86049558,37.12693272,5.104932962,6.695742617,2.204565449,12.844,0.383863745,9.853404525,10.9,66.23097,63.81978,11.8,45.2,23.10199928,16.4090004,87.156,2.47570393
"Gambia, The",GMB,2.66,112.4634,41.698,141.6,8.58,2,150,44.55899811,64.875,5.674,0.181363101,2.284170042,48.22134387,4.715879134,471.5371955,97,97,219.297861,128.696005,58.9,90.2,174,17.1198205,7.537604549,9.670886483,135000,72.19400024,82.70999908,47.92015501,61.867,59.135,137.8457028,30.4,47.9,68.9,60.94814767,46.18428428,2.313850252,196.7316206,3.201140871,40.368,1.684263284,5.52507278,6.2,62.30316,55.44598,3.2,51.3,38.27899933,21.56299973,59.632,4.241211325
Georgia,GEO,1.76,38.3292,13.359,3.1,11.533,6.4,23,51.39599991,67.91100311,1.815,14.74192364,22.07360136,40.61591596,2.774928095,3757.064863,94,96,1088.84428,694.5963411,86.3,100,99,47.56975964,5.782040371,4.220248352,5901000,57.26599884,78.40699768,45.48229752,78.496,71.314,128.9505963,11.6,10.6,11.9,20.4763228,17.32746439,14.02565921,65.29246443,-0.265982613,46.359,-0.638505949,62.6832746,6.7,88.31863,74.48114,6.7,16.4,10.25,13.38700008,53.641,0.057090656
Germany,DEU,4.67,6.4276,9,2,11.3,7.4,14,52.22600174,63.13199997,1.5,37.19317302,54.92841477,32.72857552,1.7207335,41178.4566,96,97,211.7114511,132.1022787,99.2,100,8.1,87.5898,1.969474455,14.8790513,34970000,54.52799988,66.43299866,46.25125074,83.6,78.7,116.7122833,4.2,3.1,3.7,14.0153719,12.88582413,21.24065194,234.106532,0.85732638,24.699,0.022729759,1756.983421,13.4,92.13384,86.22865,10.6,48.8,4.222000122,4.96999979,75.301,1.132601158
Ghana,GHA,5.84,66.1256,32.262,19.4,8.821,2.3,111,71.03099823,74.45400238,4.117,0.271016569,1.021222392,41.03454338,3.917221644,1369.701122,88,89,452.4654395,292.738614,14.9,88.7,160,23.47812844,17.80022423,1.457397152,897000,75.48300171,78.51599884,50.1055835,62.511,60.521,129.7359971,26.1,42.8,61.6,22.98826426,38.81713803,3.394139481,120.461866,2.300231881,45.958,0.895805193,4.99819536,6.9,63.28745,57.88393,5.4,32.7,5.897999763,5.172999859,54.042,3.510292177
Greece,GRC,3.1,7.2346,8.5,2.2,11.2,5.2,58,31.26499939,46.88700104,1.3,30.91035071,47.28239225,31.45073701,-0.219147178,18006.97033,99,97,144.9743016,90.69758035,99,100,4.5,66.835,-1.043756492,11.34237737,23599000,43.93600082,59.9679985,43.89187116,84.2,79.1,112.9501854,8.1,3.6,4.6,13.48711001,14.60232704,21.39655818,83.94788984,-0.658861361,21.993,-2.143687034,192.0360843,4.3,93.14882,84.9668,9.3,49.6,28.8390007,21.81299973,78.007,-0.236219907
Grenada,GRD,3.75,29.5644,19.019,17.3,7.117,11.4,131,,,2.127,18.51744241,25.33788217,49.97058824,6.228710462,9212.020352,92,99,147.9337073,102.3423341,98,96.6,5.4,53.81,1.633768977,6.606131524,140700,,,,76.022,71.143,112.2527977,6.6,10.8,11.8,15.1402398,26.48350105,7.159372806,314.1911765,0.446584284,64.409,0.42966967,46.80552305,0.5,83.86638,72.27587,10.4,45.3,,,35.591,0.477202029
Guam,GUM,8.3161306,48.1208,17.183,,4.855,18.7,,48.71500015,61.61500168,2.366,,40.02707714,46.2962963,0.4472098,33752.24417,,,186.9801674,102.0579787,89.8,99.5,51,73.13999995,2.559668659,44.78853342,1409000,55.32799911,68.76000214,44.11764706,82.025,76.859,,,,,7.393453727,25.4666392,8.734732319,314.6018519,1.388170282,5.484,-0.042927668,206.0217206,,91.88774,86.03961,,,11.95100021,10.3920002,94.516,1.471832637
Guatemala,GTM,2.84,80.088,26.752,25.1,5.339,11.1,85,39.99499893,81.84899902,3.159,2.828940885,10.57422984,33.03471445,4.148784475,3903.478856,74,99,341.0333759,236.4590105,63.9,92.8,25,27.1,3.265567903,0.467187672,1865000,41.25299835,83.58699799,35.05714171,75.569,68.516,111.4812993,19.9,24.3,29.1,34.84767569,36.62282152,4.846533635,152.5093038,2.023674003,48.429,1.086502985,20.7429564,2.5,80.49193,68.38071,3.9,37.5,3.051000118,2.079999924,51.571,2.91181644
Guinea,GIN,3.07,139.5718,36.409,79,9.678,2.2,161,73.51599884,79.74199677,4.932,0.008098631,0,25.89939769,0.099994528,531.3205952,51,52,301.3632353,186.7491438,20.1,76.8,177,4.7,7.823395109,1.811566559,35000,79.47299957,85.14700317,48.32987278,59.679,58.731,87.17366364,28.1,61,93.7,22.63592379,42.53199604,3.063419462,51.31283575,2.677072216,62.839,1.914536431,0.475866056,7.7,58.87449,55.46538,0.7,68.3,7.494999886,6.34800005,37.161,3.979893871
Guinea-Bissau,GNB,1.16,87.5292,36.647,43.2,11.9,2.2,177,62.50899887,73.53700256,4.761,0.058787567,0,70.12802276,4.796779831,572.9884285,80,69,288.6706625,156.6949594,20.8,79.3,373,3.540706917,8.774475557,1.210903718,43800,67.24199677,78.32299805,46.79738249,57.302,53.72,69.2749664,26.8,60.3,92.5,32.98647968,40.79291882,3.168422051,65.58766003,2.40417326,50.668,0.872618922,1.626611362,6.3,56.7448,49.52293,4.3,45.5,7.039000034,6.110000134,49.332,4.002011639
Guyana,GUY,2.92,87.5772,19.288,10.9,8.242,11.2,140,35.13800049,70.01999664,2.532,6.6476311,19.07564409,83.9522479,3.005814078,4127.351018,95,99,257.3979058,152.8529229,83.7,98.3,93,38.2,-0.087382699,2.005514382,207000,41.79399872,77.1760025,35.01725655,68.88,64.248,67.18556335,15.3,32,39.4,17.3922441,28.80697706,5.006485592,3.896799594,0.416988961,71.447,0.285412726,16.94727442,29,71.55889,61.8782,8.6,32.3,15.92500019,9.272999763,28.553,0.746986898
Haiti,HTI,1.461652,38.88,24.578,235.3,8.629,6.9,180,51.98099899,63.01900101,2.973,0.012712507,0.053679219,3.519593614,1.185463497,818.3432976,60,53,332.5104231,169.4821023,27.6,57.7,194,12.19776638,7.21806574,0.3690482,516000,61.50099945,71.35800171,47.5422893,65.268,60.984,68.84369285,15.3,52.2,69,25.837657,33.74137236,4.630855171,388.6453919,1.306576618,41.355,-1.574957746,2.053950367,11.2,66.2693,58.36663,5.9,40.3,15.47900009,11.68599987,58.645,3.389669342
Honduras,HND,6.33,64.2684,20.881,42,5.015,9.2,101,41.4620018,80.46399689,2.332,2.343078641,5.900722906,41.04030744,3.643017191,2528.89355,85,87,278.2734558,208.5841001,82.6,91.2,43,20.35686743,6.299820533,0.347613516,880000,47.16600037,84.43000031,36.2628936,75.911,70.878,95.54210945,16.5,17.4,20.4,37.59004958,31.76279805,4.853264248,72.16963089,1.414026656,45.27,0.112631041,13.12683745,3.5,80.66141,73.24393,4,44.3,12.09399986,4.697999954,54.73,2.503425525
Hungary,HUN,4.47,17.7074,9.4,7.5,13.4,7.3,40,43.14400101,58.37200165,1.44,27.43098954,31.21889187,22.85430244,3.148083829,12365.62603,99,99,287.8309163,215.682162,98,100,9.3,72.8347,1.732130152,4.562465252,4929000,46.41400146,62.50899887,45.61303673,79.7,72.4,118.9116649,7.5,5.3,5.9,23.05838255,14.55870778,17.81789855,108.7266983,-0.237855002,28.773,-1.810265103,366.3506799,21.6,85.76524,70.43274,12.4,48.4,7.045000076,6.618999958,71.227,0.404417119
Iceland,ISL,7.65,5.653,12.5,2.2,6.6,6.1,18,67.82499695,74.44400024,1.93,36.95445582,49.93615025,0.490773067,4.170019104,50722.00108,92,93,204.5035535,137.0874339,98.8,100,2.4,98.2,5.927854743,11.3901495,1289000,70.66500092,77.5,47.79983407,84.5,81.3,114.0145756,3.6,1.6,2,7.78903328,20.31964787,13.71389542,3.299900249,1.041940387,5.863,-0.565525131,3406.737905,13.1,93.52044,90.6823,6.9,30.1,4.019000053,3.943000078,94.137,1.142917564
India,IND,3.08,23.2924,19.658,14.3,7.306,9.3,131,25.75799942,76.4489975,2.395,1.321185131,1.990033763,23.77311911,7.933744293,1593.257703,87,87,760.7812643,523.4685166,39.6,94.1,217,26,1.901014456,0.399752709,13284000,26.79999924,79.10900116,24.20407028,69.858,66.911,78.06172564,21.2,37.9,47.7,74.32984681,28.78812732,5.616110171,440.9575328,1.20929453,67.253,0.644375758,6.822010148,15.7,74.25415,66.57376,4.6,60.6,3.888999939,3.362999916,32.747,2.37958104
Indonesia,IDN,3.012535139,49.249,19.579,19.9,7.167,6.5,106,47.49000168,79.17700195,2.437,1.089129574,8.754489995,50.23819118,4.793921304,3346.487039,81,69,327.319188,196.2720224,60.8,87.4,395,21.97606771,4.230865166,0.127675543,10407000,50.88399887,83.85399628,37.78012,71.206,67.039,132.3482101,15.5,22.8,27.2,15.40820407,27.69238722,5.173729081,142.1771254,1.214438403,46.258,-0.370495991,7.95919256,2.9,76.311,67.14018,0.6,29.7,6.670000076,5.577000141,53.742,2.59906836
"Iran, Islamic Rep.",IRN,2.86,26.3422,17.084,2.7,4.607,10.1,117,13.05099964,66.01399994,1.685,10.86343996,38.27426533,6.564490778,,,98,99,300.7626997,185.8140751,90,96.2,16,45.33497588,,3.446397535,5237000,16.17300034,72.73300171,18.10937391,76.711,74.525,93.38482985,28,13.4,15.5,42.98979197,23.60947147,5.061114707,48.57024485,1.228136383,26.625,-0.706085611,5.524004822,3.6,87.88682,83.18993,1,44.1,19.30200005,9.237000465,73.375,1.939346895
Iraq,IRQ,4.6,84.8498,34.233,37.4,5.112,9.3,166,11.23099995,60.46300125,4.515,,5.583405481,1.89952109,3.019924564,4943.760388,58,57,393.6411809,246.2342793,85.6,86.6,43,17.22,-23.49523799,0.971576098,,15.09599972,69.73100281,17.7613731,71.847,67.441,93.82749352,17.8,26.5,32,51.99596281,40.98275847,3.056236246,83.86303877,3.208518261,30.529,2.848852597,1.31783432,3,77.98782,68.32706,0.5,27.8,25.60099983,13.29199982,69.471,3.366983237
Ireland,IRL,6.74,10.0948,14.2,0.2,6.4,4.4,15,48.35699844,60.52299881,1.94,27.70270556,40.87408205,10.94527508,26.27605727,61093.69108,95,93,140.107367,99.30564473,90.5,97.9,7.2,80.1224,4.879119771,15.91693657,9528000,52.3769989,67.81800079,44.12450958,83.5,79.6,103.7054863,4,3,3.6,9.799825902,21.78056144,13.13950301,67.40804181,0.572620077,36.759,-0.210558303,850.1767972,11.7,92.08747,87.87882,10.9,26,7.673999786,10.75599957,63.241,1.0306792
Israel,ISR,5.403614395,9.3078,21.3,3.4,5.3,7.5,49,55.68700027,65.81199646,3.09,27.43850391,43.08337568,7.624768946,2.507836062,35729.37253,94,98,172.4502468,128.1820606,100,100,4,77.35208966,2.765486134,24.94690004,2799000,58.86199951,69.36699677,46.99151165,84.1,80.1,133.4675501,3.2,3.2,4,21.09447276,27.83345709,11.23901233,387.2504621,1.981288976,7.86,1.170368436,288.7793702,5.5,93.3234,88.64954,3.1,27.9,5.394000053,5.124000072,92.14,2.050769916
Italy,ITA,3.93,5.9352,8,14,10.7,5.1,44,34.29700089,51.58599854,1.37,24.3696921,33.0529766,31.60739784,0.731730561,29993.07605,93,85,171.2755984,99.00684284,99.5,100,5.8,65.5716,0.625270303,9.680767742,50732000,39.30599976,58.14400101,42.11458286,86,81.1,142.1177275,5.6,2.9,3.5,19.86123293,13.71038193,22.4098759,206.4682872,-0.096376133,31.036,-0.556075644,288.8824612,7.9,93.97373,89.37335,6.1,64.8,12.74300003,11.27999973,68.964,0.111194826
Jamaica,JAM,6.14,58.7846,17.23,5,6.914,11.5,65,47.24700165,65.40699768,2.025,8.13606628,8.987706858,30.95106187,0.996498915,5105.793012,91,91,147.2660953,86.67045876,81.8,93.8,4.6,42.22122119,7.071610347,0.829367047,2123000,57.67100143,72.2009964,44.99797738,78.248,73.465,111.514583,10,13.5,15.7,16.99207352,23.57833915,9.138896695,257.9256694,0.359858912,45.212,-0.151912825,64.08110735,1.4,84.65395,76.99569,5.1,35.3,18.0739994,9.409000397,54.788,0.784163395
Japan,JPN,3.126861083,3.9706,7.9,7.5,10.2,5.7,32,47.5929985,67.62599945,1.46,30.65677678,50.23382915,68.46061005,1.219438139,34523.70077,96,96,170.8766744,119.1413031,100,100,17,91.05802839,2.035334505,1.614775057,19737000,49.12200165,70.16300201,42.89390185,87.05,80.79,126.5421967,4.7,2,2.7,13.33416293,12.85549617,26.34201314,348.2512399,-0.136430274,6.502,-7.216006636,971.0183027,19.6,94.1792,88.22351,7.5,50.4,3.112999916,3.615999937,93.498,0.375046485
Jordan,JOR,4.246201812,22.6438,26.512,20.7,3.839,11.7,119,10.85299969,57.37200165,3.366,4.164044131,4.797783026,1.09822032,2.382686856,4940.045836,99,94,442.2798542,155.7905321,98.6,96.9,7,53.4,2.28142876,40.9771116,3761000,14.23799992,64.36499786,17.33549566,75.932,72.557,179.4330122,23.6,15.4,17.9,38.79814209,35.5254237,3.785900594,85.54344447,2.377946955,16.321,0.966490303,27.65141884,3.2,84.36452,78.35717,0.7,29.5,23.77700043,10.86499977,83.679,2.655578683
Kazakhstan,KAZ,3.12828405,27.191,22.66,0.5,7.48,6.4,51,62.23899841,73.76200104,2.73,13.72056451,24.73279335,1.225691744,1.2,10509.98107,98,99,598.9285714,404.9863053,97.5,92.9,89,70.8299336,1.823549877,20.12330509,,66.06600189,76.98000336,49.00775593,76.9,67.5,156.8789431,23.2,12.6,14.1,19.66999774,26.71739925,6.735737743,6.498546505,1.463577578,46.753,1.555584002,17.6127326,27.5,80.62484,57.90192,8.2,29.2,5.793000221,4.181000233,53.247,1.38286199
Kenya,KEN,4.88,90.219,34.084,35.5,8.025,2.4,113,53.70199966,65.39299774,4.263,0.28900748,0.182884555,7.753803985,5.649197078,1376.712829,89,75,518.2198186,298.1161348,30.1,63.2,233,45.62280061,9.142686853,2.354722885,1114000,62.10599899,72.12999725,46.53668866,64.077,60.283,80.67820274,30.5,35.5,49.4,16.29880428,41.90906283,2.802444162,80.91208139,2.610792416,74.378,2.041014301,9.142176744,6.5,64.25495,57.22988,4,37.1,13.53100014,9.338999748,25.622,4.283431046
"Korea, Dem. People’s Rep.",PRK,,0.5222,14.326,,9.289,4.4,,71.03900146,81.5039978,1.968,,4.690855527,41.782244,,,96,98,282.3443364,144.5562737,81.9,99.7,561,,,0.192635219,,73.56600189,85.87599945,47.82333618,73.932,66.915,12.87997619,20.7,19.7,24.9,34.08883481,21.16742556,9.539438521,208.9138527,0.512315385,39.125,0.104209748,0.039753027,15.8,80.95982,68.15064,4.4,,3.434999943,5.09100008,60.875,0.775491111
"Korea, Rep.",KOR,4.11,1.5886,8.6,14.5,5.4,7.2,4,48.27299881,69.17199707,1.239,40.24989913,58.05557216,63.43865408,2.611935409,27221.52405,98,98,271.9941925,186.3481233,100,,80,89.64863086,2.209776706,2.639159354,13232000,50.01499939,71.81800079,41.66089353,85.48,78.99,118.4619172,12,2.9,3.4,28.66424214,13.99269992,13.126919,519.2556935,0.38220175,17.526,-0.266161302,2319.554609,32,94.60216,86.78873,10.9,33.2,3.482000113,3.684000015,82.474,0.520524298
Kuwait,KWT,3.19,9.4458,19.559,2.3,2.523,20,98,47.19900131,82.0039978,2.072,1.534855594,13.39510336,0.350729517,1.846999262,29300.57558,99,93,445.7983842,312.9089864,100,99,22,82.07911476,-27.20601458,73.63955073,,48.39199829,84.46199799,29.69146906,75.899,73.554,231.7631947,17.7,7.3,8.6,67.43349003,22.32410913,1.970111366,218.4127385,3.636495117,1.658,2.676081111,223.2719228,4,88.06731,82.80146,0.1,13,2.46600008,2.911000013,98.342,3.652766507
Kyrgyz Republic,KGZ,6.36,39.1966,27.4,2.1,5.8,6.3,73,44.93199921,71.99900055,3.2,3.705999567,7.149100775,3.321167883,3.469281026,1103.233871,97,99,729.1703996,389.6483902,93.3,90,144,30.24704278,2.180512236,3.440796423,3051000,49.40200043,77.0510025,40.25383214,74.8,66.7,132.7972052,20.1,19,21.3,16.92166624,31.4016487,4.226845222,31.05787278,2.059025966,64.293,1.869465539,11.41533348,7.4,81.78461,63.57087,3.9,29,9.048999786,6.55700016,35.707,2.401251735
Lao PDR,LAO,1.05,63.734,26.27,4.9,6.629,3.6,136,76.77400208,75.78600311,2.923,0.524798095,13.71146319,81.28860485,7.350386008,1818.441373,89,88,977.5818263,622.148326,70.9,75.7,182,18.2,-0.640843118,0.327020359,3543000,77.72299957,77.03800201,51.10892164,67.973,65.175,53.0961079,15,50.7,66.7,32.56943026,34.76961192,3.810586939,29.47150347,1.671083305,61.386,-0.045756614,2.499256471,12.3,71.49961,65.17356,7.5,25.3,1.220999956,1.625,38.614,4.462568479
Latvia,LVA,4.303576683,13.287,11.1,1.5,14.4,5.4,17,49.68099976,60.20899963,1.64,24.78648551,17.52519616,53.97233837,2.7383702,13654.84892,95,96,447.0281457,276.8084424,87.8,99.3,41,79.2006,0.387979119,13.35324026,2024000,54.37400055,67.72299957,49.60155715,79.4,69.1,127.5007249,9.9,6.9,7.9,20.41799195,14.92212902,19.36779594,31.80326472,-0.818626341,32.618,-0.698914619,456.6309335,21.7,86.27992,65.67505,10.6,35.9,8.630999565,11.09500027,67.382,-0.876524492
Lebanon,LBN,2.1,12.1846,15.397,34.2,4.547,13,122,20.88400078,66.69499969,1.722,25.39282701,20.0420332,13.42130987,1.3,8047.645086,81,79,295.9550562,176.2500053,80.7,99,13,74,1.638960072,34.1456803,1518000,23.4640007,70.25700378,24.7765291,81.493,77.853,92.16457338,19.3,7.1,8.3,32.60158923,23.99303815,8.135667555,571.9201369,4.164439343,12.208,3.170159444,48.19900652,3.1,91.4056,87.48338,2.2,30.3,10.99400043,5.070000172,87.792,4.303486202
Lesotho,LSO,9.73,93.1736,28.461,9.3,14.693,3.9,112,41.16500092,56.76200104,3.142,0.097258829,1.91357454,1.613965744,1.611940435,1066.985626,93,90,245.1694413,179.3311735,30.3,81.8,788,16.0717077,3.814422024,0.307818842,1082000,59.24599838,73.89399719,45.49791577,50.036,49.89,100.9445238,26.1,69.2,90.2,24.70117006,36.07264937,4.142299236,70.32351779,1.216964474,72.688,0.500054497,4.215413237,10.4,31.64553,31.44078,6.4,13.6,30.5170002,23.18400002,27.312,3.15037158
Liberia,LBR,3.66,107.1206,34.613,16.8,8.52,2.3,174,55.72600174,61.4280014,4.647,0.155436767,0.199847272,43.38662791,0,455.8739345,52,64,334.9101796,250.1259516,16.9,75.6,308,5.903867603,1.987083954,2.526491982,,57.95299911,63.91899872,47.61188288,62.192,60.179,81.09358204,35.1,52.8,69.9,7.851815034,42.30572287,3.011432599,46.75496262,2.402005282,50.299,1.62370873,3.552841185,6.3,63.09622,57.74012,5.2,45.6,3.844000101,3.895999908,49.701,3.195882079
Libya,LBY,2.1374382,6.1582,20.303,26.9,5.368,10.4,188,20.02599907,66.08399963,2.426,0.965636022,10.00462239,0.123327688,,,94,93,486.7498954,320.7126178,96.6,,40,19.01607978,,12.28244987,,27.83300018,78.74700165,26.22430865,74.753,69.039,157.0029191,25.3,11.4,13.4,79.20020559,29.83285015,4.540683527,3.568226923,0.310335181,21.446,-0.594822673,3.822606833,5.5,83.08986,72.15646,0,32.6,28.0510006,16.07999992,78.554,0.558882456
Lithuania,LTU,15.52,10.3996,10.8,0.6,14.1,4,21,49.52899933,58.84000015,1.63,27.78614917,18.73707264,34.79648843,1.778576184,14251.77987,93,94,518.2938039,296.0824285,92.4,96.6,56,71.378,0.240794882,4.726089623,2071000,53.9109993,65.45899963,50.00401837,80.6,69.9,139.5163805,13,3.3,5.2,19.06499459,14.5148789,18.84779939,46.36727853,-0.940753797,33.492,-0.899008925,244.0695237,32.7,86.52264,64.204,16.2,42.6,8.128000259,10.11200047,66.508,-0.961769007
Luxembourg,LUX,3.88,5.7284,10.7,2,7,4.7,57,48.36199951,62.05699921,1.5,35.9495712,50.96997576,33.47490347,3.532357385,99717.74472,99,99,208.2716051,138.2897801,97.6,100,6.1,97.3341,0.397893137,43.96413394,1090000,52.20199966,66.10600281,44.15560891,85.2,79.4,148.5105686,7.7,1.5,1.9,16.58784625,16.43367248,13.98141454,219.9243243,2.359951181,9.84,-0.52494493,2914.305377,11.1,92.39592,87.46933,11.2,20.6,7.355999947,6.125,90.16,2.679903454
"Macedonia, FYR",MKD,3.268652108,17.2636,11.257,0.1,9.492,10.3,16,32.8769989,49.91699982,1.535,17.18245007,17.58932436,39.57176844,3.665280361,4852.657848,91,89,305.6477718,172.3140886,90.9,99.4,13,70.3802,2.801125422,6.289774173,486000,43.88999939,68.11000061,39.6846447,77.854,73.249,98.78307513,8.1,4.8,5.5,40.4789043,16.95308963,12.32281894,82.4128866,0.136155385,42.896,-0.038576051,91.41414312,8,87.94545,78.43457,5.7,13,25.09199905,26.71100044,57.104,0.26761309
Madagascar,MDG,2.08,114.82,34.223,43.7,6.52,4,169,81.91100311,87.92299652,4.35,0.097766118,1.02859496,21.43863871,3.054156016,401.836006,69,58,269.8844641,173.0153333,12,51.5,236,4.17397219,7.554817496,0.132347777,244000,83.84999847,89.08799744,49.01200459,67.046,63.994,44.12458392,31.4,35.9,49.6,19.67682043,41.70933498,2.837816928,41.65587831,2.776657016,64.895,1.79985523,1.650478907,4.6,69.49362,62.51633,1.9,38.1,2.312000036,1.307999969,35.105,4.60788278
Malawi,MWI,6.9,135.349,38.542,84.6,7.471,3.6,141,75.53099823,75.7009964,5.048,0.033826949,0.08355343,33.37929571,2.826181331,371.9857478,88,87,434.2429871,280.5598564,41,90.2,193,9.298148347,21.0821735,1.249811795,805000,81.20800018,80.76899719,50.5696746,64.79,62.851,37.93879778,34.2,43.4,64,25.72702911,45.15698075,3.441394226,182.5968604,3.06701458,83.728,2.864181484,1.336026142,5.5,65.78021,61.81598,2.5,34.5,6.991000175,6.275000095,16.272,4.117252286
Malaysia,MYS,6.09,13.7166,16.789,6.7,4.983,17.9,22,47.57899857,75.3730011,1.931,9.995766557,14.6470726,67.55440572,4.968785216,9768.32686,99,93,214.6840787,155.1590108,96,98.2,89,71.06406781,-0.371082836,8.289348916,25721000,49.26699829,77.61499786,37.63997704,77.283,72.582,143.8900746,22.3,6,7,15.55640978,25.01798637,5.890817113,92.31778116,1.424525514,25.295,-1.285987192,103.7881795,5.8,86.87649,75.4651,1.7,40,3.427000046,2.888999939,74.705,2.359206905
Maldives,MDV,5.57,6.214,20.804,4.9,3.761,9.2,129,54.34799957,76.51999664,2.088,6.473807269,6.120715904,3.333333333,2.846643498,8395.785198,99,99,582.9183846,377.3721264,97.9,98.6,53,54.46195515,7.850249311,25.87218175,1234000,57.28900146,78.82900238,42.53276538,77.987,76.019,206.6562192,3.3,7.4,8.6,29.05613639,27.47864059,4.701133211,1363.876667,2.015218235,54.464,0.120334256,102.6485777,8.6,88.34411,84.67703,1,30.2,5.133999825,2.928999901,45.536,4.329823068
Mali,MLI,4.4,173.7412,42.908,71.3,10.118,2.2,143,44.32899857,77.21800232,6.143,0.021520935,1.039487626,3.864152304,5.962581591,724.2562832,68,76,386.3459057,237.6532934,24.7,77,57,10.33692498,2.758248392,2.063359738,159300,50.05699921,82.26100159,37.80083327,58.28,58.626,139.6118556,25.3,74.5,114.7,44.0063041,47.52618426,2.519657444,14.42373237,2.96208132,60.084,1.683757231,1.250021733,5.7,57.45026,57.09589,1,48.3,11.44200039,6.131000042,39.916,4.917641152
Malta,MLT,7.24,16.3804,10,14.1,8,9.9,83,36.74499893,62.38199997,1.42,37.84560302,53.38710089,1.09375,6.154958235,22567.87599,97,89,169.0861392,147.9724167,100,100,8.8,76.184,2.297579434,9.898488069,1783000,38.80799866,65.96800232,37.30924027,84.2,79.8,129.2979067,5.5,5.1,6.4,15.67337266,14.43213032,19.24809516,1349.60625,1.049776993,4.593,-1.739174271,1863.969584,6,92.5546,88.86504,7.2,41.5,5.315999985,5.43599987,95.407,1.186022999
Mauritania,MRT,2.93,77.9034,33.002,19.4,7.861,2.3,165,25.31399918,58.59799957,4.543,0.236212522,1.257136863,0.217813137,,,73,70,428.8840648,265.6970258,40,57.9,107,15.19912669,,3.396676733,,29.10099983,65.30799866,30.80730125,64.743,61.736,89.32065985,24.2,65.1,84.7,85.08515449,40.01640785,3.209955639,3.946409236,2.437266267,40.141,0.943768668,2.704321309,5.9,68.26278,61.46738,0.1,71.3,13.01200008,10.27499962,59.859,3.45143642
Mauritius,MUS,4.77,28.3166,10.1,2,7.7,22.3,42,41.43299866,70.64600372,1.36,15.74688831,30.31315886,19.01477833,3.468664132,9252.110724,97,99,217.0932097,209.4260856,93.1,99.9,22,50.13931848,0.952194823,2.24510922,1151000,46.77600098,74.87200165,39.38935531,77.79,71.08,140.5812628,12.9,11.8,13.5,14.95404587,19.3221553,9.563057841,621.9729064,0.132433083,60.329,0.369717307,175.8269609,9.3,84.71402,71.68205,4,21.5,11.42199993,5.644000053,39.671,-0.227337183
Mexico,MEX,5.04,62.2038,18.47,18.1,4.814,15.8,45,43.32899857,76.14099884,2.213,11.64144661,15.87963092,33.97206718,2.464955925,9005.024265,87,97,225.8280153,157.245999,85.2,96.1,21,57.43104299,2.521437234,0.939364727,32093000,45.38199997,79.5,37.0376773,79.391,74.568,85.98995188,11.8,11.3,13.2,20.23982419,27.60543641,6.466989075,65.33975874,1.292705197,20.754,-0.023638052,39.16004337,5,86.00082,78.34097,6.8,51.9,4.525000095,4.223999977,79.246,1.640329232
Moldova,MDA,6.1,22.028,10.566,4.3,11.363,7.1,47,37.3429985,42.85800171,1.248,15.54901787,34.98766886,12.4429571,-0.500000006,1848.083643,87,89,513.1016731,371.2177821,76.4,88.4,152,49.83693954,9.579146072,3.512106598,94400,38.75799942,45.63000107,48.50140419,75.871,67.584,108.0396517,10.7,13.6,15.8,20.5543623,15.73340392,9.957932088,123.806319,-0.064383615,55.005,-0.19158724,61.61883657,14.8,82.44832,63.32003,17.4,39.9,3.65199995,6.074999809,44.995,0.091339005
Monaco,MCO,1.03,,8.1,,7.6,5.7,,,,,47.89665971,128.09238,,,,99,99,,,100,100,0,93.36330202,,55.76846625,331000,,,,,,88.77870564,,2.8,3.5,,,,18865.5,0.286647222,0,,3975.510853,,,,,,,,100,0.286647222
Mongolia,MNG,4.17,15.0022,23.429,1.5,6.087,5.4,62,52.67100143,63.24100113,2.638,7.117462924,8.745454234,8.080022658,2.357171189,3967.829386,99,98,617.9332791,362.5536346,59.7,64.4,428,21.43603111,1.68381242,0.595444478,386000,56.46699905,68.79299927,45.98830961,74.22,65.632,104.9641984,20.8,19,22.4,23.59317989,28.22788694,4.043818225,1.904743943,1.678790766,27.96,-1.20486063,30.07636694,28.3,77.94369,57.87324,7.8,24.7,6.722000122,8.069999695,72.04,2.820776199
Montenegro,MNE,,12.031,11.441,1.6,10.035,10.5,48,34.93199921,45.94499969,1.676,18.08268282,24.84860576,61.48698885,3.151191381,6408.428758,89,64,,,95.9,99.7,21,68.11958104,0.787333431,13.19007768,1560000,41.95199966,56.1230011,43.88898995,78.555,74.226,162.1559441,10.3,4.3,4.7,23.35266451,18.6549288,13.64502917,46.25717472,0.056110724,35.974,-0.481825536,72.32877769,11,88.06032,79.13443,11.5,21.8,16.73399925,18.13500023,64.026,0.359632105
Morocco,MAR,5.2,31.3652,20.38,9.1,5.682,8.1,68,22.70800018,67.30000305,2.486,3.379554393,6.54501465,12.61931436,4.508487465,2878.201342,99,99,325.2559825,239.3074914,76.7,85.4,107,57.08,1.748841762,0.257467738,10177000,25.33300018,74.33300018,26.40120153,75.347,73.282,126.8723216,18.6,23.7,27.6,22.99104134,27.22206096,6.168238882,77.02780865,1.336232449,39.805,0.09785575,6.166822258,4.8,84.25548,80.36026,0.7,49.1,10.36299992,9.461999893,60.195,2.163635826
Mozambique,MOZ,5.38,136.9276,38.81,15.1,11.235,2.6,134,60.63700104,58.40299988,5.295,0.156958453,0.329225609,48.24639487,6.609723214,529.2425561,80,85,721.6752392,441.2562343,20.5,51.1,551,9,4.426993219,0.796801385,1552000,82.45700073,75.3769989,54.52717565,56.81,54.001,74.23884829,33.1,56.7,78.5,19.53856529,45.30351728,3.348690356,35.57804497,2.759841364,67.786,2.347628644,2.180295186,8.4,50.36222,44.92274,2,36.1,26.46199989,22.51799965,32.214,3.632825647
Myanmar,MMR,0.7,16.2474,17.49,97.1,8.263,6.8,171,74.49199677,80.4489975,2.177,0.060779929,0.950663742,44.4677528,7.294031845,1161.488158,75,86,738.3361851,444.0464934,79.6,80.6,365,21.8,3.938935162,0.136014603,4681000,75.1289978,81.05899811,49.79986592,68.16,64.025,75.68406821,19.5,39.5,50,54.38812189,27.55060128,5.359672609,82.52764439,0.857130965,65.902,0.030534541,0.705046504,4.3,71.56508,62.96829,0.7,32.4,0.84799999,0.753000021,34.098,2.474340736
Namibia,NAM,8.34,76.2126,29.414,11.1,7.033,4.2,104,39.23300171,47.88000107,3.473,2.943023027,7.628711278,8.404086045,5.295222348,4673.567248,92,85,490.7744578,367.2313351,34.4,91,489,22.30701479,-0.182493059,3.818401435,1388000,55.71300125,63.32799911,49.03543816,67.501,62.453,106.5812144,23.6,32.8,45.4,21.44459626,36.69013311,3.525131872,2.986590387,2.302676484,53.34,0.478367602,28.4688246,7.6,66.5575,56.18282,11.8,21.3,29.57999992,24.3939991,46.66,4.429761671
Nepal,NPL,4.2,71.2882,20.216,28.4,6.339,3.7,100,77.4940033,83.86000061,2.167,1.064340033,2.977922886,25.3644925,2.725272191,743.3229657,91,85,413.9059123,218.2085012,45.8,91.6,156,17.58161801,5.073712156,1.817645553,539000,79.66200256,86.76899719,50.79405186,71.45,68.567,96.74910847,17.3,29.4,35.8,74.99780697,32.66410883,5.547133483,198.9096617,1.195940957,81.385,0.739897275,3.787652953,6,77.36009,71.1844,2.1,29.5,2.721999884,3.352999926,18.615,3.214560446
Netherlands,NLD,4.857370047,3.8842,10,4.6,8.7,5.5,27,53.34500122,65.65100098,1.71,41.73008565,41.26957685,11.16058178,1.951710982,44290.86886,95,95,232.3109002,150.2404086,97.7,100,5.8,93.0965,0.086249246,11.69568274,15007000,57.52999878,70.24099731,45.71445483,83.5,80,123.5384297,3.6,3.2,3.8,14.63752206,16.52327168,18.23046939,502.8175423,0.443220089,9.504,-5.539986544,2827.580739,11.9,91.80296,89.33773,9.6,41,7.274000168,6.53399992,90.496,1.092867986
New Zealand,NZL,7.37,23.2522,13.27,0.3,6.87,7.3,1,58.75899887,69.51499939,1.99,31.56603565,40.24892546,38.55531503,3.392999933,37807.96728,92,93,262.9615792,210.0842144,,100,7.4,88.22288882,-0.115035597,22.95970035,3039000,62.43899918,73.08300018,47.80056545,83.27,79.73,121.8345852,6.1,4.7,5.7,5.546610811,20.20690618,14.8615024,17.45357184,1.889045125,13.716,1.648649569,1298.605218,12.6,91.88981,88.51999,11.2,34.3,5.893000126,4.881999969,86.284,1.927312501
Nicaragua,NIC,4.1,88.0554,19.926,72.2,4.753,9.2,124,46.29100037,75.9260025,2.231,1.858991674,5.658378233,25.87668273,4.928954392,2086.895003,98,99,383.1606646,252.6489138,67.9,87,51,19.7042915,7.726007183,0.661982706,1386000,49.1269989,80.34899902,39.45386991,78.18,72.163,116.1054805,14.9,18.8,22.1,27.3819724,30.03428788,5.085356341,50.54040219,1.126323245,41.221,0.352985214,14.30442984,9.5,83.05283,73.24374,4.6,60.1,5.771999836,5.505000114,58.779,1.672245574
Niger,NER,5.17,201.163,49.211,67.8,8.819,2.2,158,39.63399887,86.64900208,7.567,0.057088349,0.570883489,0.901555222,3.605301605,358.958152,65,73,654.306301,419.3817604,10.9,58.2,95,2.22016535,0.026400789,0.951072208,135000,40.22600174,89.42099762,31.26702565,62.934,61.05,46.49586525,28.4,57.1,95.5,62.74462018,50.46557838,2.580068867,15.70941817,4.026868931,81.268,3.703769099,0.251267393,4.1,65.20857,60.27058,0.3,48.2,1.472000003,3.099999905,18.732,5.440840744
Nigeria,NGA,0.85,109.304,39.125,31.7,12.704,2.3,170,46.00899887,61.57600021,5.587,0.008548227,0.101978803,7.678118515,2.652693623,2671.721164,56,54,550.376664,376.4112039,29,68.5,322,47.44255029,2.863664398,0.658124088,1255000,48.4070015,63.99100113,42.39704695,53.411,52.704,82.18573909,20.6,69.4,108.8,37.95728931,43.98916681,2.736719707,200.0526609,2.628044353,52.224,1.043694819,2.601508759,9.9,48.0238,44.74203,11.3,33.3,4.955999851,3.773999929,47.776,4.389106777
Norway,NOR,6.81,5.8552,11.4,0.9,7.8,6,8,58.72900009,65.40899658,1.75,39.71267249,18.3655263,33.16130269,1.611027108,74481.81938,95,95,221.6505491,159.1491568,98.1,100,6.3,96.8103,-2.304327028,14.23561116,5361000,61.1780014,68.53099823,46.97728579,84.2,80.1,111.1231883,3.3,2,2.6,9.07633792,17.96854595,16.33291863,14.21029446,1.02653332,19.527,-0.321437098,2032.661694,10.9,92.48761,88.57619,7,39.5,4.004000187,4.553999901,80.473,1.356380015
Pakistan,PAK,1.864388565,38.322,28.845,13.9,7.339,8.1,148,21.82299995,78.40200043,3.55,0.953099019,1.880261527,1.909506019,4.712457804,1434.696665,72,61,407.0194494,164.0891619,63.5,91.4,270,18,4.318862124,1.920846061,,24.31299973,82.24299622,22.06049633,67.365,65.436,66.91662303,14.3,65.8,81.1,64.95375677,35.00983783,4.492380924,245.0768913,2.075426376,61.242,1.335218332,2.371312948,2.1,72.17312,67.49933,0.1,32.9,10.24300003,4.671000004,38.758,3.256323046
Panama,PAN,2.8,73.7318,19.124,6.3,5.044,9.8,67,47.02600098,76.96700287,2.421,7.928250347,15.55809548,62.10653753,5.777393631,13268.11375,73,90,560.0474527,416.2189395,75,94.7,50,51.20542499,0.242310047,4.701027527,2110000,50.52600098,80.46199799,38.76060478,80.863,74.819,174.1943185,10.7,14.6,17,13.19621425,27.16456345,7.632278913,52.85365886,1.580347373,33.408,0.686311228,121.9095981,5.5,86.89235,77.83725,7.7,37.2,6.927999973,4.343999863,66.592,2.031897809
Paraguay,PRY,4.88,56.8552,21.167,39.9,5.693,9.7,102,54.61600113,80.45600128,2.509,3.140335865,5.461938972,38.56783287,2.962236311,4080.951448,93,83,455.3188549,379.1403575,88.6,98,41,48.43868795,-0.604785735,2.356666686,1214000,58.06600189,84.55999756,40.08261459,75.246,70.911,105.3895511,23.4,17.5,20.5,14.853318,30.13382942,6.020463847,16.71060408,1.31304732,40.334,0.695137121,27.86512616,10.2,79.88429,73.54011,9.6,35,5.941999912,4.854000092,59.666,1.732925852
Peru,PER,3.09,48.4478,19.6,9.8,5.619,6.9,53,62.43999863,79.34300232,2.427,6.416508727,9.343343913,57.79140625,3.251202425,6027.125855,90,92,510.4505136,304.410826,76.2,86.7,119,40.9,2.238071261,0.289645141,3456000,65.72899628,82.60800171,44.78118899,77.48,72.21,109.8669058,13.3,13.1,16.9,27.8233501,27.89561799,6.825144287,24.51302344,1.294398755,21.391,-0.208906397,32.4126174,5.8,84.14225,75.77864,5.2,37.3,5.004000187,3.953000069,78.609,1.70741863
Philippines,PHL,1.84,62.6538,23.316,16.1,6.773,6.9,99,47.38299942,73.83000183,2.944,4.783941598,3.166700697,26.96448335,5.905014562,2904.202082,60,82,189.4641692,140.7238932,73.9,91.8,322,40.7,-0.631864359,0.210390539,5361000,50.52299881,78.8259964,39.10694034,71.945,65.037,115.7514163,10.7,22.2,28,23.48713422,31.94853554,4.579645191,337.7247711,1.562001289,55.627,1.768947864,13.68429274,3.4,76.86008,60.26546,5.6,42.9,6.214000225,6.339000225,44.373,1.303171882
Poland,POL,4.83,13.135,9.7,12.2,10.4,6.2,25,45.33599854,60.49599838,1.32,19.00901334,23.68726529,30.81420033,3.940910762,12558.87117,98,96,392.8315025,236.2579992,97.2,98.3,19,67.997,0.605658481,1.604180837,16722000,49.14300156,65.26000214,45.08365427,82.2,74.4,142.6869959,9.4,4.5,5.2,24.28187517,14.9462804,15.53332383,124.0615696,-0.066641101,39.461,0.006878239,547.3272917,22.3,89.20705,75.19345,11.5,40.3,7.745999813,7.300000191,60.539,-0.114533964
Portugal,PRT,5.14,9.4496,8.3,2.2,10.5,9.9,24,46.72700119,56.38999939,1.23,29.61530494,44.13751952,34.73609519,1.595563469,19222.935,98,98,167.3639794,109.145318,99.7,100,23,68.6329,2.103728581,8.089593589,9957000,53.57899857,64.16500092,48.77981276,84.8,78.4,110.4116639,7.7,3,3.6,9.760644322,14.05332063,20.7914682,113.0732602,-0.414141102,36.532,-1.935424234,315.5991518,13.6,92.90964,84.78887,12.5,40.9,12.78899956,12.11699963,63.468,0.472115124
Qatar,QAT,2.531874965,10.4832,11.806,5.1,1.486,20,74,53.26699829,94.14800262,2.007,10.11567936,17.58814643,0,3.551015687,73653.39443,99,99,1002.781783,705.9584126,98,100,34,92.88482645,-22.90181151,75.49762789,2929800,53.65000153,94.21099854,15.02062108,80.061,77.526,159.1317177,12.8,6.8,8,107.3089368,15.52156145,1.183078303,192.537037,2.872172418,0.756,-7.784170471,296.5971848,6.4,89.77866,86.48522,1.3,11.3,0.712000012,0.067000002,99.244,2.95786631
Romania,ROU,2.81,34.034,9.3,2.1,13.2,8.4,35,44.80899811,59.97100067,1.52,19.75111127,19.7875723,29.82006259,3.66295969,8980.65727,89,86,531.3991782,322.1331529,79.1,100,84,55.7632,2.91861977,1.163134803,9331000,47.56999969,64.91400146,44.34713678,78.7,71.4,107.1402041,8.9,9.7,11.1,19.57866345,15.52058179,17.31399673,86.12355702,-0.47160657,45.436,-0.847256914,229.4690549,11.7,87.07716,71.35205,12.9,42,5.803999901,7.614999771,54.564,-0.157718332
Russian Federation,RUS,3.897894809,22.7328,13.3,1.1,13,9.2,36,53.64300156,67.50099945,1.75,18.9175332,25.02026258,49.76106545,-2.828240814,9329.298351,97,98,432.6311801,324.1503249,72.2,96.9,80,70.09924123,8.150911262,8.11621786,33729000,56.63600159,71.68399811,48.63389599,76.64,65.45,159.9514859,17.4,8.2,9.6,16.63374961,16.75191851,13.3658427,8.798804045,0.192558642,25.992,-0.130097547,126.3872005,20.1,81.67301,55.28325,14.5,47,5.284999847,5.834000111,74.008,0.306124669
Rwanda,RWA,4.28,25.6248,31.163,55,6.833,4.1,59,83.86199951,81.0059967,3.8,0.169979011,0.136651055,19.45683016,6.904203115,697.3482281,98,97,1054.230534,695.7812295,61.6,76.1,56,18,1.205348276,3.803080984,987000,86.40499878,83.19300079,54.51456138,67.4,61.786,70.48290534,32.9,31.1,41.7,49.71362154,41.05201648,2.789856315,470.5985407,2.336558276,71.189,0.983182933,4.134485867,8.5,70.81609,59.17989,10,33,2.944000006,2.628999949,28.811,5.761320949
Samoa,WSM,4.24,24.2898,25.097,8,5.334,7.9,87,20.95599937,53.88899994,4.028,1.078518641,5.927194816,60.42402827,1.634776026,3938.548846,66,69,370.4619638,231.5192881,91.5,99,11,25.40700977,2.741972395,2.550872544,128000,23.12899971,58.00899887,27.33153855,77.025,70.66,62.3703604,15.5,15,17.5,3.807434895,37.29066181,5.23371354,68.27844523,0.718308449,80.902,0.918324948,41.40186722,5.7,83.99698,73.26818,,18.1,9.394000053,7.102000237,19.098,-0.124573487
Sao Tome and Principe,STP,3.48,83.456,33.532,16.7,6.814,2.3,160,37.48099899,67.5739975,4.516,0.493142849,3.451999941,55.83333333,3.973255112,1669.063268,96,93,476.5132681,302.4130923,34.7,97.1,97,25.8222488,4.896062892,1.25772286,,45.2859993,76.19000244,37.91319345,68.584,64.542,65.09485603,33.1,34.6,47.3,13.88673949,42.62755853,3.085466314,198.275,2.124926642,34.908,0.473691448,10.50729206,2,72.58607,65.12013,6.8,37.4,17.23399925,11.30900002,65.092,3.021818552
Saudi Arabia,SAU,7.1861867,8.406,19.688,4.1,3.418,20,96,15.47999954,77.12999725,2.713,11.92389753,12.53240504,0.454484135,3.485616792,20481.74532,98,98,562.100668,376.2256169,100,97,12,69.6162358,-17.19065207,32.29494249,17994000,20.05900002,79.12599945,15.10729204,75.886,73.167,176.5888132,27.5,12.5,14.5,106.1617369,28.58201229,2.862306126,14.67205597,2.094772383,16.87,0.892776943,53.74064707,3.4,84.62033,80.86983,0.2,15,22.82699966,2.522000074,83.13,2.340473021
Senegal,SEN,5.19,76.8768,37.522,63.4,5.99,2.2,146,39.20000076,64.8259964,5.031,0.672198851,2.005813149,42.96992676,6.485194754,899.5798795,89,80,360.3432273,206.3235956,47.6,78.5,139,21.69026413,0.031975357,1.739951417,1006600,45.01100159,70.16200256,41.07408178,68.782,64.921,99.94675778,28,41.7,47.2,37.57020675,43.76209617,2.933524962,78.58137953,3.065259815,56.279,2.484150318,5.221665311,6.1,74.02663,64.90101,0.5,47.3,12.91100025,7.605999947,43.721,3.818287492
Serbia,SRB,4.468797122,18.6946,9.3,6.6,14.6,10.3,54,35.2140007,50.00799942,1.46,17.37876703,36.46880745,31.0999314,0.757715153,5237.255334,95,86,489.7035839,301.8715971,96.4,99.2,21,65.3170254,2.675999693,9.122622084,1132000,43.36700058,60.0929985,43.54246151,78.1,73,120.5200243,7.4,5.9,6.7,21.43664968,16.3003172,17.08236663,81.12717814,-0.494772574,44.447,-0.715010945,63.56246026,17,86.94523,75.66492,12.9,39.7,18.79800034,16.78199959,55.553,-0.318213674
Sierra Leone,SLE,2.813162317,116.7324,35.445,44.2,13.268,2.2,145,63.77899933,65.83100128,4.516,,0.269048005,42.17234691,-20.59877072,653.1318159,86,76,1011.164588,455.289894,13.3,62.6,307,2.5,18.86476336,1.413457295,24000,65.04100037,68.55999756,49.53518497,51.868,50.775,89.52968035,28.5,87.1,120.4,19.29960911,42.36293278,2.669488426,89.40404544,2.154661413,60.058,1.550407365,0.929773582,15.3,42.79152,41.31998,8.2,31,1.940000057,3.980000019,39.942,3.070164499
Singapore,SGP,2.76,3.7956,9.7,0.6,4.8,10.5,3,57.18600082,75.21099854,1.24,26.3967854,35.88090551,23.0606488,2.008372345,52888.74467,96,95,220.5544613,255.6494738,100,100,44,82.103,1.639822494,45.39179191,12051000,58.23600006,76.43499756,44.21271853,84.9,80.4,146.5260072,3.7,2.1,2.7,18.73785053,15.54295881,11.68071681,7806.77292,1.186376937,0,,932.0683172,9.9,93.68329,88.81834,2.9,18,1.802999973,1.600999951,100,1.186376937
Slovak Republic,SVK,3.84655293,19.9398,10.3,1.5,9.9,7.8,30,44.7820015,61.25799942,1.37,23.33891363,15.87848342,40.34438298,3.83108478,16089.01618,96,95,576.0995277,369.7445471,98.8,100,6.5,77.63470572,-0.215989342,3.265417899,1721000,51.40499878,68.32099915,44.91881713,80.9,73.7,122.3101642,8.2,5.8,7.3,20.52367065,15.12364506,13.84506597,112.7937653,0.095033879,46.402,0.438268671,392.5291507,12.5,89.30098,74.76514,12.5,51.7,12.88300037,10.3380003,53.598,-0.201170112
Slovenia,SVN,5.36,3.6332,10,0,9.6,7.8,30,46.93000031,57.90299988,1.58,27.63379083,36.22179949,61.96623635,2.316644859,20728.92036,95,94,292.7507805,185.6005786,99.1,99.5,7.2,73.0987,0.975873074,11.41296409,2707000,52.17900085,62.95500183,46.0711749,84.1,78.2,113.2193248,6.5,2.1,2.6,20.3499567,14.78443318,17.96838347,102.4593347,0.075190689,50.35,0.16462241,806.8693904,21.4,92.27141,84.10276,10.9,31,10.06000042,8.024999619,49.65,-0.015420321
Solomon Islands,SLB,9.94,47.3794,29.298,31.4,5.7,16.4,105,41.06800079,51.28699875,3.904,0.242950168,1.272579823,78.06359414,3.734439834,1934.856293,98,92,454.1478261,251.5552802,29.8,80.8,89,10.00046498,0.999624853,0.442947201,21600,61.13100052,73.51899719,45.14045959,69.648,66.716,72.66468428,18.3,23.6,28.1,6.579329957,39.48912852,3.395014659,20.84998214,1.976249726,77.671,1.394693622,10.28117294,7.9,74.18919,67.737,1.6,32,32.81900024,30.23900032,22.329,4.025939221
Somalia,SOM,0.991144636,102.6168,43.373,180,11.807,5.1,190,30.77199936,71.09799957,6.364,0.737230339,0.458521308,10.14282526,,549.2669766,42,46,320.7090586,186.7843813,,,274,1.76,,0.234455884,,33.24300003,75.89600372,31.07418724,57.362,54.089,52.46922266,26.9,85,136.8,19.83625362,46.7050656,2.824038778,17.19498836,2.530424963,60.449,1.750991058,0.092703287,5.4,54.81663,48.22416,0.5,,7.431000233,6.322000027,39.551,3.73356017
South Africa,ZAF,5.97,44.4402,20.415,0.3,12.409,7.6,72,33.49100113,46.24499893,2.339,2.634720283,7.722849232,7.617736524,1.264651378,5718.244732,69,76,304.2835494,221.6351389,66.4,93.2,834,51.91911572,3.956897419,5.767090449,8904000,46.21900177,60.22399902,44.77195926,59.524,55.457,164.5116827,21.3,33.6,40.5,29.6286252,29.23922975,5.033361286,45.34863587,1.585324805,35.199,0.166423776,129.8444526,10.7,48.43622,40.44772,11.5,28.8,27.54000092,23.21299934,64.801,2.364574226
Spain,ESP,4.074465061,8.311,9,5.2,9,7.7,33,40.01900101,51.30799866,1.32,28.69316342,41.52470465,36.82027548,3.204680464,25684.72442,97,96,198.5732431,116.2445121,99.9,100,12,78.6896,0.502744265,12.69023719,68215000,52.34899902,64.76599884,46.06410507,86.3,80.6,108.1965621,3.6,3.5,4.1,9.738283342,14.88167858,18.7894661,92.84899142,-0.079393169,20.421,-1.170330018,362.264279,8.5,94.01887,87.63982,10.6,50,23.5529995,20.78000069,79.579,0.202484829
Sri Lanka,LKA,1.299770283,14.153,15.601,18.7,6.844,8,109,27.78000069,73.26100159,2.062,2.896176087,15.21238217,33.00908946,4.785984567,3926.174396,99,99,301.4468481,267.5069877,95.1,95.6,65,29.98873755,2.143457512,0.186850018,1798000,30.22800064,75.63600159,30.6744666,78.389,71.681,110.5858631,17.2,8.4,9.8,27.92362221,24.57383318,9.30324919,334.3326423,0.934429494,81.644,0.890343929,13.83191834,35.3,87.56292,72.69758,4.5,55.2,8.097000122,3.138999939,18.356,1.130749518
St. Lucia,LCA,4.75,53.4248,14.933,22.4,7.257,10.9,78,46.4469986,64.59700012,1.869,15.37063973,18.85723246,33.27868852,2.370013159,7735.910484,99,97,160.5566197,106.1330437,90.5,96.3,8.8,52.35,0.852281014,6.903280558,345000,63.0530014,76.47899628,46.56156839,77.956,72.545,101.516192,18.8,12.7,14.3,14.00929929,23.12553041,8.997345932,303.2770492,0.734587346,81.496,0.701547073,86.48695398,6.8,83.08834,74.23163,10.4,34.7,26.33699989,15.53600025,18.504,0.880235717
St. Vincent and the Grenadines,VCT,5.178572333,50.3332,15.776,16.5,7.127,11.9,123,45.52099991,62.54399872,1.952,15.50642749,22.73392214,69.23076923,1.603083784,6739.174833,98,99,204.7301387,124.6332256,,95.1,7.4,51.77,-0.256673621,4.181359741,75000,56.30699921,77.1760025,41.76598442,75.242,70.967,103.6544334,14.7,16.6,18.3,14.25163381,24.52906031,7.332224882,280.6717949,0.093226465,49.45,-0.611476258,210.11858,2.7,80.29566,73.73594,7.2,39.3,19.15600014,18.95999908,50.55,0.787434216
Suriname,SUR,3.4447781,45.7392,17.946,100.7,7.461,12.5,155,34.96099854,65.05400085,2.336,9.607151713,16.75904722,98.28205128,-0.299980646,9485.319244,89,94,374.7038253,226.7280553,79.2,94.8,33,42.76382778,2.651776337,8.625811501,228000,40.50600052,68.6309967,37.43540962,74.584,68.161,136.8310311,18.7,19,21.3,18.47176015,26.78189604,6.885768221,3.480608974,0.874385787,33.957,0.998032404,81.03503845,26.6,80.25711,67.21713,6.5,27.9,13.68900013,5.210999966,66.043,0.810870496
Swaziland,SWZ,9.23,67.2336,29.372,23.4,14.485,3.8,108,28.80699921,48.59199905,3.201,0.466737559,3.344952506,34.06976744,1.867203311,3200.143018,90,78,135.927039,80.90069904,57.5,74.1,565,30.38270066,5.800000095,2.453747951,873000,40.0379982,64.15399933,39.45093967,48.078,49.632,73.20000716,24.9,44.5,60.7,21.60860671,37.35495,3.582834099,74.82383721,1.397317501,78.692,1.40614833,15.54037779,14.7,30.55464,31.49991,6.4,34.7,28.04999924,24.25600052,21.308,1.364711427
Sweden,SWE,7.134093668,5.695,11.7,0.5,9.3,4.7,9,56.43500137,63.07400131,1.88,36.06645552,36.66915518,68.92293339,4.084960074,50585.25847,98,98,189.3054535,123.5815948,99.3,100,9.2,90.6102,2.036398617,16.76755875,6482000,60.86500168,68.23999786,47.4651643,84.6,80.6,130.3794052,2.9,2.4,3,6.241379908,17.2848795,19.94201909,24.05829958,1.057454686,14.185,0.005611608,1755.349883,15.4,93.12122,89.74575,8.7,49.1,7.277999878,7.571000099,85.815,1.232392269
Switzerland,CHE,4.57,2.8402,10.2,2.3,8.1,6.1,29,59.79299927,71.48300171,1.54,45.10760917,50.25119529,31.73398117,0.842236938,80999.28742,97,94,305.2230087,167.0733733,99.9,100,7.4,87.4790556,-0.562364666,29.38668554,9305000,62.68199921,74.84999847,46.3681468,85.4,81.1,136.4697443,3.6,3.4,3.9,12.89019363,14.77535598,18.04184602,209.5715659,1.126673181,26.088,0.866336356,3102.121252,15.1,93.5943,89.7125,10.4,28.8,4.609000206,4.498000145,73.912,1.218723779
Syrian Arab Republic,SYR,2.5960693,38.8766,22.509,8.5,5.715,8.1,172,8.059000015,62.86800003,2.903,3.143948465,15.89789192,2.673855035,,,41,53,124.9646813,74.87313336,95.7,90.1,20,29.97979724,,4.730134388,,12.17199993,70.84700012,14.53143349,76.586,63.902,64.2814892,19.7,11.1,12.9,41.56628282,37.12271475,4.064296911,100.759206,-1.449086486,42.344,-2.391632881,0.918799078,2.7,85.53786,63.80893,1.4,42.7,33.79600143,11.26200008,57.656,-0.751154486
Tajikistan,TJK,3.66,37.7858,30.225,21.5,5.568,6.4,130,53.5870018,68.60600281,3.454,0.069683303,5.307544936,2.968599138,6,925.9118877,96,97,575.6231018,311.0220049,95,73.8,87,18.98,0.124298967,3.242910896,414000,59.44599915,77.51399994,43.31603872,73.362,66.346,98.59026032,17.6,38.5,44.8,50.02908375,34.83754438,3.006288129,61.11462972,2.217499154,73.218,2.094666953,2.829569711,4,78.54449,65.55949,2.4,81.8,9.855999947,11.49199963,26.782,2.554076294
Tanzania,TZA,3.73,117.7206,38.535,23.2,6.682,4.1,144,71.67500305,81.8259964,5.078,0.202712539,0.273124548,51.99819372,6.959374422,878.9751055,98,99,708.1558769,443.2170358,15.6,55.6,306,5.355144064,6.564563839,0.48853553,1104000,74.01000214,83.29100037,47.81281041,66.937,64.107,75.85579688,33.4,35.2,48.7,23.3161196,45.19869303,3.20196849,60.36398736,3.130185102,68.392,2.101745731,2.038510264,7,66.86348,61.85716,8.1,43.9,3.154999971,1.758999944,31.608,5.392354456
Thailand,THA,4.179789893,44.6052,10.532,6.7,8.028,7.1,46,62.5379982,79.6289978,1.497,9.241737473,7.876767417,32.09888626,2.828335288,5814.769764,99,99,327.265864,220.8242834,93,97.8,172,39.31612674,0.221705797,5.758232652,29923000,62.93899918,80.18199921,45.09257206,78.037,71.329,152.7312472,31.7,10.5,12.3,26.35272294,17.71077182,10.4718704,133.0215095,0.344002136,49.626,-2.045313562,30.41523685,16,84.3566,72.18851,8.3,32.6,0.635999978,0.689999998,50.374,2.755017371
Timor-Leste,TLS,2.917248386,45.482,37.097,0.3,6.809,7.2,173,25.41200066,53.88100052,5.615,0.087663345,0.231949708,46.133154,4.3,1216.881491,76,70,,,40.6,71.9,498,13.4,-1.195101007,0.914442949,62000,26.77400017,55.51800156,32.04313055,70.357,66.783,117.3963134,17.6,44.7,52.6,18.89846158,42.41102666,5.580093943,79.67484869,2.340289335,67.23,1.394327419,3.376196967,7.1,76.48883,69.61297,1.2,11.2,5.089000225,2.947999954,32.77,4.309471508
Togo,TGO,5.28,92.0646,35.068,77.8,8.699,4.8,154,75.20200348,75.52200317,4.514,0.880069538,0.734785826,3.456517742,5.365887582,559.6358767,88,85,378.242465,242.2181309,11.6,63.1,52,7.12,3.53078932,3.79000676,273000,81.09600067,80.6269989,51.277709,60.887,59.391,67.70803859,31.9,52.3,78.4,32.67724465,42.2391273,2.764772996,134.3000184,2.627313426,60.036,1.806185714,6.297420604,9.5,60.34576,55.80078,1.9,48.5,7.267000198,6.330999851,39.964,3.873667061
Tonga,TON,2.93,14.8596,24.331,7.5,5.985,13.7,76,49.05699921,71.52400208,3.678,2.310606417,12.42726478,12.5,3.706201117,4098.543929,82,67,295.2252713,169.0928051,91,99.6,15,44.99951883,1.510957971,5.397946689,53800,52.77899933,74.05000305,42.38948682,75.966,70.066,69.08600382,6,14.4,16.7,4.025835246,36.76368089,5.873598945,147.4583333,0.55157963,76.288,0.446702758,9.418856551,3.5,82.43009,71.90615,2.1,30.1,7.052999973,3.411000013,23.712,0.88974593
Trinidad and Tobago,TTO,2.87,30.8354,13.979,0.7,9.507,13.6,92,50.42100143,71.47200012,1.766,19.97219865,20.11380437,45.70760234,-0.578521568,17321.88468,96,89,238.814994,126.8928009,91.5,95.1,17,69.19847061,-9.920323111,3.66763033,440000,52.58300018,73.56999969,42.67413328,74.161,67.126,157.6727356,13.5,18.2,20.4,14.19016577,20.77990542,9.411817471,265.1243665,0.412957183,91.555,0.527718882,127.1976519,14.5,79.27278,66.42158,6.6,32.2,4.112999916,2.851999998,8.445,-0.822835823
Tunisia,TUN,5.9,6.8052,17.94,3.9,6.593,9.6,75,19.6590004,62.18199921,2.132,4.342787983,8.398942329,6.700566426,0.994642523,3822.356006,98,98,236.0369236,157.5142663,91.6,97.7,37,48.51983599,3.379778772,0.503849717,5359000,25.07799911,71.29499817,26.88770459,77.392,72.675,129.9114626,23,12.1,14,44.79266297,23.3567369,7.592090463,72.43533728,1.10259882,33.158,0.510216429,13.06254007,5.5,86.86142,78.66254,1.2,60.2,21.6079998,12.78100014,66.842,1.397766447
Turkey,TUR,2.64,26.811,16.489,16.6,5.735,12.8,63,26.56999969,64.84700012,2.052,12.39344232,14.98628337,15.22159999,3.97194515,9125.68759,96,94,380.1623843,248.0916977,94.9,100,18,53.74497914,7.429248558,3.769001103,39478000,30.35300064,71.44100189,31.08437711,78.735,72.275,96.02134861,8.8,11.6,13.5,36.40911573,25.67050777,7.538697551,102.2125307,1.462404951,26.603,-0.421773827,67.09393392,8.7,87.97246,78.46016,2.4,41.1,12.46500015,9.230999947,73.397,2.154193902
Turkmenistan,TKM,2.32,16.0482,20.842,,7.789,6.4,,43.23099899,70.68699646,2.275,0.055829669,12.05920848,8.782159045,6.49999991,6672.477544,99,99,436.7301232,312.5933866,,,70,14.99677482,-4.984981548,3.654711583,,47.25299835,77.55000305,39.25650253,70.044,61.634,145.9387545,17.4,43.7,51.4,31.29449247,28.2240148,4.155074289,11.43468602,1.241770937,49.963,0.545705628,0.744393507,10,73.8596,55.63155,5,,8.512000084,8.848999977,50.037,1.941675132
Uganda,UGA,2,108.9456,42.528,39.7,9.324,3.1,116,80.84100342,85.48699951,5.682,0.180988331,0.819134685,10.35806902,5.143837727,705.2925695,78,82,376.3164714,244.9101237,19.1,79,202,19.22109963,5.079794909,1.920126168,1303000,82.31600189,87.66699982,48.84621852,61.108,57.342,50.37278848,27.3,37.7,54.6,60.30064052,48.0906559,2.488889802,194.6558099,3.253313645,83.899,2.854818375,1.921481453,7.1,60.1514,52.40959,10.5,33.5,1.792000055,2.486999989,16.101,5.355883267
Ukraine,UKR,6.617100138,23.351,10.7,0.6,14.9,6.5,81,47.95600128,60.54600143,1.506,11.80934808,21.61545521,16.67040688,-9.869784362,2114.954716,23,56,260.2264259,109.631283,95.9,96.2,91,48.88464368,38.39557869,10.78646116,12428000,52.1629982,67.3789978,48.21187219,76.25,66.37,144.0231793,9.7,7.7,9,18.87843558,14.92761708,15.30619081,77.94719225,-0.260805738,30.305,-0.961206667,65.53125082,20.1,82.75198,59.0939,11.8,52.2,8.06499958,10.14000034,69.695,0.045281793
United Arab Emirates,ARE,,30.0682,10.592,11.2,1.641,19.3,34,37.71300125,88.86100006,1.767,12.88953223,23.58375079,3.858851675,3.757642853,40438.76293,94,94,564.686188,405.7534474,97.6,99.6,1.6,91.24340578,-11.21318537,88.40404837,,41.90299988,91.56300354,12.1186158,78.665,76.471,187.3480233,9.8,5.9,6.8,64.29012818,13.93747032,1.137877263,109.5330502,0.776450801,14.459,-1.107660277,354.7027546,2.9,87.55414,84.24373,4.3,15.9,9.998999596,2.950999975,85.541,1.098459122
United Kingdom,GBR,5.37,13.9498,11.9,0.1,9.3,4.7,6,54.00299835,64.96299744,1.81,38.61345092,52.01988113,12.99549456,2.194229035,43929.69081,96,95,180.2446676,106.3260562,99.2,100,10,92.0003,0.550055468,13.20097825,34436000,56.91500092,68.71399689,46.41297068,83.5,79.8,124.1322156,2.9,3.5,4.2,12.41225066,17.77422086,17.76036953,269.2053941,0.794967909,17.408,-0.613945556,1382.76639,8.5,91.2088,86.73256,12,32,5.117000103,5.460000038,82.592,1.094475911
United States,USA,5.05,21.1538,12.4,1.1,8.2,10.8,7,53.1230011,64.71299744,1.843,31.02320118,38.3996889,33.89972254,2.596148041,56115.71843,95,92,183.2721061,144.1216479,100,99.2,3.2,74.45218272,1.075920556,14.49065352,77510000,56.00799942,68.42500305,45.7873629,81.2,76.4,117.5867444,10.8,5.6,6.5,8.441199408,18.95034556,14.78606928,35.13764756,0.784422626,18.383,-0.136094306,1649.900277,14.3,88.30443,81.271,9,43.9,5.151000023,5.426000118,81.617,0.992929627
Uruguay,URY,4.299875307,55.7796,14.148,21.7,9.344,6.1,89,49.8030014,72.48899841,2.007,26.2662912,32.25749177,10.54165238,0.982258643,15573.90092,95,96,273.801662,196.6283265,96.4,99.7,30,64.6,8.697816225,2.092316749,2773000,55.41799927,76.32299805,44.52041502,80.762,73.687,160.2096445,17.4,8.7,10.1,11.48844431,21.41498533,14.43450564,19.60664495,0.351449062,4.689,-2.982920036,106.657186,17,87.13438,78.47079,7,41.8,10.13199997,5.022999763,95.311,0.51839469
Uzbekistan,UZB,9.3747642,17.6002,23.5,3.4,4.9,6.6,82,44.09899902,69.30699921,2.491,6.017469175,9.480368383,7.569111425,7.999999997,2132.11124,99,99,380.5552955,272.5072023,100,,79,42.8,9.53082084,3.91690324,,48.3409996,76.17299652,40.33692418,71.936,65.136,73.31992547,10.2,33.9,39.1,39.67064264,28.51991711,4.657736829,73.57522332,1.744258375,63.635,1.607632386,2.683800389,9.3,76.32695,62.46636,4.8,41.1,8.776000023,9.013999939,36.365,1.983789812
Vanuatu,VUT,5.02,42.7458,26.167,44.2,4.718,16.6,88,57.89899826,76.76499939,3.31,1.628342327,1.817816649,36.09515997,-0.801094177,2805.314644,64,53,445.7678161,273.9169849,57.9,94.5,63,22.35140458,2.484525101,1.204222904,90000,61.64400101,80.52200317,43.54077811,74.263,70.152,66.2470442,15.2,23.1,27.5,8.52410314,36.53099164,4.199099194,21.71058244,2.203953324,73.872,1.784070584,71.79239152,5.8,82.0632,74.08174,1.2,8.5,6.076000214,4.664999962,26.128,3.400727753
Venezuela,VEN,6.54,79.0518,19.268,88.7,5.567,12,185,47.5019989,73.48400116,2.34,8.244989519,24.86233372,52.92557111,,,87,92,,,94.4,93.1,29,61.86924809,,4.514736572,789000,51.43000031,78.39800262,40.30062446,78.626,70.394,92.97221122,41.7,12.9,14.9,23.75584614,28.10541235,6.26699498,35.26793606,1.34061295,11.01,0.896561876,12.69766446,3,84.56164,72.04132,8.3,65,7.638999939,6.267000198,88.99,1.395689057
Vietnam,VNM,5.373607609,39.1486,16.941,4.9,5.847,6,91,72.3030014,81.30599976,1.96,8.138209934,6.31782087,47.64408037,6.679288789,2110.919344,97,97,1062.175745,747.6864434,78,97.6,137,52.72,-0.190788132,0.077897131,7944000,73.77799988,83.16400146,48.35797336,80.577,71.207,130.6396858,24,17.3,21.7,28.2516555,23.08968745,6.740506907,295.7825652,1.079146769,66.407,0.117024542,14.752495,7.4,87.71756,72.56541,8.7,39.4,1.998000026,2.233999968,33.593,3.008756899
Virgin Islands (U.S.),VIR,9.3561772,42.6438,10.3,,8.5,12.3,,47.50699997,65.61100006,1.74,8.418610742,71.09049071,50.28571429,0.194300518,36350.82163,,,,,96.4,100,7.7,54.8391373,3.689259708,53.36387841,637000,53.13899994,71.33899689,45.85406139,83.1,76.8,,,,,16.34224251,20.36108419,17.60356004,295.9257143,-0.573784692,4.665,-3.357727173,453.7818371,,91.30344,86.17178,,,10.60000038,8.029999733,95.335,-0.435541198
"Yemen, Rep.",YEM,3.6,60.6954,31.889,68,6.829,5.1,179,17.65800095,63.3429985,4.043,1.546891207,4.679835423,1.039831809,-28.09683489,1406.291651,69,67,,,,,48,25.0995144,21.39838417,1.282529228,366700,25.82799911,73.11599731,25.97605886,65.443,62.687,67.98097332,22.8,33.8,41.9,52.8289507,40.2638023,2.787015533,50.8214766,2.446705472,65.394,1.56519918,0.633566778,8.2,67.05713,60.6389,0.2,33.1,31.63400078,13.36600018,34.606,4.13398188
Zambia,ZMB,1.06,87.8574,39.672,34.3,8.671,4.1,94,64.30200195,74.91600037,5.284,0.150712608,0.748504923,65.4232637,2.91988111,1304.879014,90,90,951.7641486,629.9625637,43.9,65.4,391,21,6.660181468,0.78902565,932000,69.82099915,80.88700104,46.76726961,62.857,58.813,74.47177776,24.7,43.3,64,26.74664908,45.91490243,2.908634204,21.80788953,3.071812067,59.078,2.312997225,4.317851348,6.4,62.29131,54.16841,4,18.6,7.90500021,7.381999969,40.922,4.177550586
Zimbabwe,ZWE,1.91,108.9372,34.521,118.4,9.086,3.9,157,73.97899628,82.6269989,3.856,1.089896905,2.217863471,36.35000646,0.474263932,924.1438193,87,86,220.9120943,118.9974761,36.8,76.9,242,16.36,1.08623052,2.556382525,2057000,77.7519989,87.30899811,48.42638069,60.67,57.724,84.78880444,45.4,46.6,70.7,22.86952366,41.60034343,2.964528499,40.33281892,2.313958203,67.624,2.498968443,6.601399971,10.5,55.15557,50.05079,4.8,32.8,4.852000237,5.361999989,32.376,1.928626539
